benchmark_id,label,source_id,split
ASB04_000001,1,SRC010,train
ASB04_000002,1,SRC001,train
ASB04_000003,1,SRC010,train
ASB04_000004,1,SRC010,train
ASB04_000005,1,SRC001,train
ASB04_000006,1,SRC010,train
ASB04_000007,1,SRC001,test
ASB04_000008,1,SRC001,test
ASB04_000009,1,SRC001,train
ASB04_000010,1,SRC001,train
ASB04_000011,1,SRC010,train
ASB04_000012,1,SRC010,train
ASB04_000013,1,SRC001,train
ASB04_000014,1,SRC001,train
ASB04_000015,1,SRC001,train
ASB04_000016,1,SRC001,train
ASB04_000017,1,SRC001,test
ASB04_000018,1,SRC009,train
ASB04_000019,1,SRC001,test
ASB04_000020,1,SRC001,train
ASB04_000021,1,SRC001,train
ASB04_000022,1,SRC001,train
ASB04_000023,1,SRC010,test
ASB04_000024,1,SRC001,train
ASB04_000025,1,SRC009,test
ASB04_000026,1,SRC010,validation
ASB04_000027,1,SRC001,train
ASB04_000028,1,SRC001,train
ASB04_000029,1,SRC010,train
ASB04_000030,1,SRC001,train
ASB04_000031,1,SRC012,train
ASB04_000032,1,SRC010,train
ASB04_000033,1,SRC001,test
ASB04_000034,1,SRC002,train
ASB04_000035,1,SRC001,train
ASB04_000036,1,SRC010,train
ASB04_000037,1,SRC010,train
ASB04_000038,1,SRC009,train
ASB04_000039,1,SRC001,test
ASB04_000040,1,SRC010,train
ASB04_000041,1,SRC001,validation
ASB04_000042,1,SRC010,train
ASB04_000043,1,SRC010,test
ASB04_000044,1,SRC001,train
ASB04_000045,1,SRC001,train
ASB04_000046,1,SRC009,train
ASB04_000047,1,SRC009,train
ASB04_000048,1,SRC001,train
ASB04_000049,1,SRC009,train
ASB04_000050,1,SRC001,test
ASB04_000051,1,SRC001,train
ASB04_000052,1,SRC001,train
ASB04_000053,1,SRC001,test
ASB04_000054,1,SRC001,train
ASB04_000055,1,SRC001,train
ASB04_000056,1,SRC010,train
ASB04_000057,1,SRC010,train
ASB04_000058,1,SRC010,train
ASB04_000059,1,SRC001,train
ASB04_000060,1,SRC001,train
ASB04_000061,1,SRC010,train
ASB04_000062,1,SRC010,train
ASB04_000063,1,SRC010,train
ASB04_000064,1,SRC010,train
ASB04_000065,1,SRC010,train
ASB04_000066,1,SRC010,train
ASB04_000067,1,SRC009,test
ASB04_000068,1,SRC010,test
ASB04_000069,1,SRC001,train
ASB04_000070,1,SRC001,train
ASB04_000071,1,SRC001,train
ASB04_000072,1,SRC001,train
ASB04_000073,1,SRC010,validation
ASB04_000074,1,SRC010,train
ASB04_000075,1,SRC001,test
ASB04_000076,1,SRC001,train
ASB04_000077,1,SRC012,train
ASB04_000078,1,SRC001,train
ASB04_000079,1,SRC010,test
ASB04_000080,1,SRC010,train
ASB04_000081,1,SRC013,train
ASB04_000082,1,SRC010,train
ASB04_000083,1,SRC001,train
ASB04_000084,1,SRC009,validation
ASB04_000085,1,SRC001,train
ASB04_000086,1,SRC002,validation
ASB04_000087,1,SRC009,train
ASB04_000088,1,SRC010,train
ASB04_000089,1,SRC010,train
ASB04_000090,1,SRC001,train
ASB04_000091,1,SRC009,train
ASB04_000092,1,SRC010,train
ASB04_000093,1,SRC001,train
ASB04_000094,1,SRC010,train
ASB04_000095,1,SRC001,validation
ASB04_000096,1,SRC001,train
ASB04_000097,1,SRC010,train
ASB04_000098,1,SRC011,test
ASB04_000099,1,SRC010,train
ASB04_000100,1,SRC001,train
ASB04_000101,1,SRC001,train
ASB04_000102,1,SRC010,train
ASB04_000103,1,SRC001,train
ASB04_000104,1,SRC001,train
ASB04_000105,1,SRC009,train
ASB04_000106,1,SRC001,train
ASB04_000107,1,SRC001,train
ASB04_000108,1,SRC001,train
ASB04_000109,1,SRC010,train
ASB04_000110,1,SRC009,train
ASB04_000111,1,SRC001,train
ASB04_000112,1,SRC001,train
ASB04_000113,1,SRC010,validation
ASB04_000114,1,SRC001,train
ASB04_000115,1,SRC001,train
ASB04_000116,1,SRC001,test
ASB04_000117,1,SRC001,train
ASB04_000118,1,SRC010,train
ASB04_000119,1,SRC010,train
ASB04_000120,1,SRC001,train
ASB04_000121,1,SRC010,train
ASB04_000122,1,SRC010,train
ASB04_000123,1,SRC001,train
ASB04_000124,1,SRC010,test
ASB04_000125,1,SRC010,train
ASB04_000126,1,SRC010,train
ASB04_000127,1,SRC001,train
ASB04_000128,1,SRC010,train
ASB04_000129,1,SRC001,train
ASB04_000130,1,SRC001,train
ASB04_000131,1,SRC010,train
ASB04_000132,1,SRC010,train
ASB04_000133,1,SRC009,train
ASB04_000134,1,SRC001,validation
ASB04_000135,1,SRC001,train
ASB04_000136,1,SRC001,train
ASB04_000137,1,SRC010,train
ASB04_000138,1,SRC001,validation
ASB04_000139,1,SRC001,test
ASB04_000140,1,SRC009,validation
ASB04_000141,1,SRC001,train
ASB04_000142,1,SRC010,validation
ASB04_000143,1,SRC001,train
ASB04_000144,1,SRC009,train
ASB04_000145,1,SRC001,train
ASB04_000146,1,SRC009,train
ASB04_000147,1,SRC001,train
ASB04_000148,1,SRC001,validation
ASB04_000149,1,SRC001,test
ASB04_000150,1,SRC001,train
ASB04_000151,1,SRC001,train
ASB04_000152,1,SRC001,train
ASB04_000153,1,SRC001,test
ASB04_000154,1,SRC001,test
ASB04_000155,1,SRC001,train
ASB04_000156,1,SRC001,validation
ASB04_000157,1,SRC001,train
ASB04_000158,1,SRC010,train
ASB04_000159,1,SRC010,test
ASB04_000160,1,SRC010,test
ASB04_000161,1,SRC010,train
ASB04_000162,1,SRC001,test
ASB04_000163,1,SRC001,test
ASB04_000164,1,SRC010,validation
ASB04_000165,1,SRC001,train
ASB04_000166,1,SRC001,train
ASB04_000167,1,SRC009,test
ASB04_000168,1,SRC010,train
ASB04_000169,1,SRC009,train
ASB04_000170,1,SRC010,train
ASB04_000171,1,SRC010,train
ASB04_000172,1,SRC010,train
ASB04_000173,1,SRC001,train
ASB04_000174,1,SRC001,test
ASB04_000175,1,SRC001,test
ASB04_000176,1,SRC010,train
ASB04_000177,1,SRC001,train
ASB04_000178,1,SRC001,train
ASB04_000179,1,SRC001,train
ASB04_000180,1,SRC010,train
ASB04_000181,1,SRC002,train
ASB04_000182,1,SRC013,train
ASB04_000183,1,SRC010,validation
ASB04_000184,1,SRC001,train
ASB04_000185,1,SRC010,train
ASB04_000186,1,SRC010,train
ASB04_000187,1,SRC001,train
ASB04_000188,1,SRC009,test
ASB04_000189,1,SRC001,train
ASB04_000190,1,SRC010,test
ASB04_000191,1,SRC001,train
ASB04_000192,1,SRC009,train
ASB04_000193,1,SRC001,train
ASB04_000194,1,SRC001,test
ASB04_000195,1,SRC013,validation
ASB04_000196,1,SRC009,train
ASB04_000197,1,SRC001,train
ASB04_000198,1,SRC010,test
ASB04_000199,1,SRC001,train
ASB04_000200,1,SRC001,train
ASB04_000201,1,SRC010,test
ASB04_000202,1,SRC010,test
ASB04_000203,1,SRC010,train
ASB04_000204,1,SRC009,train
ASB04_000205,1,SRC010,test
ASB04_000206,1,SRC010,test
ASB04_000207,1,SRC010,train
ASB04_000208,1,SRC001,validation
ASB04_000209,1,SRC010,train
ASB04_000210,1,SRC010,train
ASB04_000211,1,SRC010,train
ASB04_000212,1,SRC010,train
ASB04_000213,1,SRC010,train
ASB04_000214,1,SRC012,train
ASB04_000215,1,SRC002,train
ASB04_000216,1,SRC001,validation
ASB04_000217,1,SRC001,train
ASB04_000218,1,SRC001,train
ASB04_000219,1,SRC010,train
ASB04_000220,1,SRC010,train
ASB04_000221,1,SRC010,train
ASB04_000222,1,SRC010,train
ASB04_000223,1,SRC001,train
ASB04_000224,1,SRC010,train
ASB04_000225,1,SRC010,train
ASB04_000226,1,SRC009,train
ASB04_000227,1,SRC001,test
ASB04_000228,1,SRC010,train
ASB04_000229,1,SRC001,train
ASB04_000230,1,SRC010,train
ASB04_000231,1,SRC001,train
ASB04_000232,1,SRC010,train
ASB04_000233,1,SRC004,validation
ASB04_000234,1,SRC001,train
ASB04_000235,1,SRC010,test
ASB04_000236,1,SRC001,train
ASB04_000237,1,SRC010,validation
ASB04_000238,1,SRC009,test
ASB04_000239,1,SRC010,train
ASB04_000240,1,SRC010,train
ASB04_000241,1,SRC001,train
ASB04_000242,1,SRC010,validation
ASB04_000243,1,SRC010,train
ASB04_000244,1,SRC001,test
ASB04_000245,1,SRC010,test
ASB04_000246,1,SRC009,train
ASB04_000247,1,SRC001,test
ASB04_000248,1,SRC010,train
ASB04_000249,1,SRC010,train
ASB04_000250,1,SRC001,train
ASB04_000251,1,SRC010,train
ASB04_000252,1,SRC010,train
ASB04_000253,1,SRC001,train
ASB04_000254,1,SRC010,test
ASB04_000255,1,SRC001,train
ASB04_000256,1,SRC001,train
ASB04_000257,1,SRC013,test
ASB04_000258,1,SRC001,train
ASB04_000259,1,SRC001,test
ASB04_000260,1,SRC010,train
ASB04_000261,1,SRC001,train
ASB04_000262,1,SRC001,test
ASB04_000263,1,SRC009,train
ASB04_000264,1,SRC010,train
ASB04_000265,1,SRC001,test
ASB04_000266,1,SRC010,train
ASB04_000267,1,SRC010,validation
ASB04_000268,1,SRC010,train
ASB04_000269,1,SRC010,train
ASB04_000270,1,SRC010,test
ASB04_000271,1,SRC010,test
ASB04_000272,1,SRC010,validation
ASB04_000273,1,SRC001,train
ASB04_000274,1,SRC001,train
ASB04_000275,1,SRC009,train
ASB04_000276,1,SRC010,train
ASB04_000277,1,SRC010,validation
ASB04_000278,1,SRC001,test
ASB04_000279,1,SRC001,validation
ASB04_000280,1,SRC001,train
ASB04_000281,1,SRC001,validation
ASB04_000282,1,SRC001,train
ASB04_000283,1,SRC010,test
ASB04_000284,1,SRC001,train
ASB04_000285,1,SRC001,train
ASB04_000286,1,SRC001,test
ASB04_000287,1,SRC001,train
ASB04_000288,1,SRC006,train
ASB04_000289,1,SRC010,train
ASB04_000290,1,SRC001,test
ASB04_000291,1,SRC009,train
ASB04_000292,1,SRC001,train
ASB04_000293,1,SRC001,train
ASB04_000294,1,SRC005,train
ASB04_000295,1,SRC010,train
ASB04_000296,1,SRC001,train
ASB04_000297,1,SRC001,train
ASB04_000298,1,SRC013,train
ASB04_000299,1,SRC010,train
ASB04_000300,1,SRC010,validation
ASB04_000301,1,SRC001,train
ASB04_000302,1,SRC013,test
ASB04_000303,1,SRC012,train
ASB04_000304,1,SRC010,train
ASB04_000305,1,SRC001,train
ASB04_000306,1,SRC010,validation
ASB04_000307,1,SRC009,train
ASB04_000308,1,SRC010,train
ASB04_000309,1,SRC001,train
ASB04_000310,1,SRC009,test
ASB04_000311,1,SRC010,train
ASB04_000312,1,SRC010,train
ASB04_000313,1,SRC010,train
ASB04_000314,1,SRC012,validation
ASB04_000315,1,SRC010,train
ASB04_000316,1,SRC010,train
ASB04_000317,1,SRC001,train
ASB04_000318,1,SRC001,train
ASB04_000319,1,SRC001,train
ASB04_000320,1,SRC001,train
ASB04_000321,1,SRC009,train
ASB04_000322,1,SRC009,train
ASB04_000323,1,SRC009,train
ASB04_000324,1,SRC001,train
ASB04_000325,1,SRC001,train
ASB04_000326,1,SRC009,train
ASB04_000327,1,SRC001,train
ASB04_000328,1,SRC010,train
ASB04_000329,1,SRC010,train
ASB04_000330,1,SRC001,train
ASB04_000331,1,SRC001,train
ASB04_000332,1,SRC010,validation
ASB04_000333,1,SRC001,train
ASB04_000334,1,SRC001,train
ASB04_000335,1,SRC001,train
ASB04_000336,1,SRC001,train
ASB04_000337,1,SRC010,train
ASB04_000338,1,SRC010,train
ASB04_000339,1,SRC001,train
ASB04_000340,1,SRC001,train
ASB04_000341,1,SRC001,test
ASB04_000342,1,SRC001,test
ASB04_000343,1,SRC010,test
ASB04_000344,1,SRC010,test
ASB04_000345,1,SRC001,train
ASB04_000346,1,SRC010,train
ASB04_000347,1,SRC009,train
ASB04_000348,1,SRC009,train
ASB04_000349,1,SRC009,train
ASB04_000350,1,SRC010,train
ASB04_000351,1,SRC001,train
ASB04_000352,1,SRC001,train
ASB04_000353,1,SRC001,train
ASB04_000354,1,SRC001,train
ASB04_000355,1,SRC001,train
ASB04_000356,1,SRC001,validation
ASB04_000357,1,SRC010,validation
ASB04_000358,1,SRC001,test
ASB04_000359,1,SRC001,test
ASB04_000360,1,SRC001,validation
ASB04_000361,1,SRC010,train
ASB04_000362,1,SRC009,test
ASB04_000363,1,SRC010,train
ASB04_000364,1,SRC010,test
ASB04_000365,1,SRC001,test
ASB04_000366,1,SRC010,test
ASB04_000367,1,SRC010,train
ASB04_000368,1,SRC001,train
ASB04_000369,1,SRC001,test
ASB04_000370,1,SRC010,test
ASB04_000371,1,SRC001,test
ASB04_000372,1,SRC001,train
ASB04_000373,1,SRC010,train
ASB04_000374,1,SRC001,train
ASB04_000375,1,SRC009,validation
ASB04_000376,1,SRC001,train
ASB04_000377,1,SRC009,train
ASB04_000378,1,SRC010,validation
ASB04_000379,1,SRC001,train
ASB04_000380,1,SRC001,train
ASB04_000381,1,SRC010,train
ASB04_000382,1,SRC010,train
ASB04_000383,1,SRC001,test
ASB04_000384,1,SRC001,validation
ASB04_000385,1,SRC010,train
ASB04_000386,1,SRC010,train
ASB04_000387,1,SRC010,validation
ASB04_000388,1,SRC001,train
ASB04_000389,1,SRC013,train
ASB04_000390,1,SRC001,validation
ASB04_000391,1,SRC009,train
ASB04_000392,1,SRC010,train
ASB04_000393,1,SRC010,test
ASB04_000394,1,SRC001,train
ASB04_000395,1,SRC010,train
ASB04_000396,1,SRC010,train
ASB04_000397,1,SRC010,test
ASB04_000398,1,SRC010,train
ASB04_000399,1,SRC010,test
ASB04_000400,1,SRC001,validation
ASB04_000401,1,SRC010,train
ASB04_000402,1,SRC001,train
ASB04_000403,1,SRC001,train
ASB04_000404,1,SRC001,train
ASB04_000405,1,SRC010,train
ASB04_000406,1,SRC001,validation
ASB04_000407,1,SRC010,test
ASB04_000408,1,SRC001,test
ASB04_000409,1,SRC009,train
ASB04_000410,1,SRC001,train
ASB04_000411,1,SRC010,train
ASB04_000412,1,SRC001,train
ASB04_000413,1,SRC010,train
ASB04_000414,1,SRC010,validation
ASB04_000415,1,SRC010,train
ASB04_000416,1,SRC010,train
ASB04_000417,1,SRC010,train
ASB04_000418,1,SRC001,train
ASB04_000419,1,SRC001,train
ASB04_000420,1,SRC010,test
ASB04_000421,1,SRC010,train
ASB04_000422,1,SRC001,train
ASB04_000423,1,SRC001,train
ASB04_000424,1,SRC010,test
ASB04_000425,1,SRC001,test
ASB04_000426,1,SRC001,train
ASB04_000427,1,SRC009,train
ASB04_000428,1,SRC001,train
ASB04_000429,1,SRC010,train
ASB04_000430,1,SRC010,train
ASB04_000431,1,SRC010,train
ASB04_000432,1,SRC001,validation
ASB04_000433,1,SRC001,train
ASB04_000434,1,SRC001,train
ASB04_000435,1,SRC010,train
ASB04_000436,1,SRC001,train
ASB04_000437,1,SRC009,test
ASB04_000438,1,SRC001,train
ASB04_000439,1,SRC002,train
ASB04_000440,1,SRC012,train
ASB04_000441,1,SRC001,train
ASB04_000442,1,SRC001,test
ASB04_000443,1,SRC001,test
ASB04_000444,1,SRC001,train
ASB04_000445,1,SRC001,train
ASB04_000446,1,SRC001,train
ASB04_000447,1,SRC010,train
ASB04_000448,1,SRC001,train
ASB04_000449,1,SRC001,validation
ASB04_000450,1,SRC001,train
ASB04_000451,1,SRC006,train
ASB04_000452,1,SRC001,validation
ASB04_000453,1,SRC001,train
ASB04_000454,1,SRC001,train
ASB04_000455,1,SRC010,train
ASB04_000456,1,SRC013,train
ASB04_000457,1,SRC010,test
ASB04_000458,1,SRC012,train
ASB04_000459,1,SRC010,train
ASB04_000460,1,SRC010,test
ASB04_000461,1,SRC010,validation
ASB04_000462,1,SRC001,train
ASB04_000463,1,SRC001,train
ASB04_000464,1,SRC010,train
ASB04_000465,1,SRC001,validation
ASB04_000466,1,SRC001,train
ASB04_000467,1,SRC001,train
ASB04_000468,1,SRC009,train
ASB04_000469,1,SRC001,train
ASB04_000470,1,SRC010,train
ASB04_000471,1,SRC012,test
ASB04_000472,1,SRC001,train
ASB04_000473,1,SRC001,train
ASB04_000474,1,SRC001,train
ASB04_000475,1,SRC010,train
ASB04_000476,1,SRC009,test
ASB04_000477,1,SRC001,train
ASB04_000478,1,SRC010,train
ASB04_000479,1,SRC010,train
ASB04_000480,1,SRC010,train
ASB04_000481,1,SRC001,train
ASB04_000482,1,SRC001,train
ASB04_000483,1,SRC010,train
ASB04_000484,1,SRC001,train
ASB04_000485,1,SRC001,test
ASB04_000486,1,SRC001,train
ASB04_000487,1,SRC009,train
ASB04_000488,1,SRC001,train
ASB04_000489,1,SRC006,validation
ASB04_000490,1,SRC010,train
ASB04_000491,1,SRC010,test
ASB04_000492,1,SRC001,train
ASB04_000493,1,SRC002,validation
ASB04_000494,1,SRC001,train
ASB04_000495,1,SRC010,train
ASB04_000496,1,SRC001,train
ASB04_000497,1,SRC010,train
ASB04_000498,1,SRC009,train
ASB04_000499,1,SRC009,train
ASB04_000500,1,SRC001,validation
ASB04_000501,1,SRC001,train
ASB04_000502,1,SRC001,train
ASB04_000503,1,SRC010,train
ASB04_000504,1,SRC010,train
ASB04_000505,1,SRC010,train
ASB04_000506,1,SRC001,train
ASB04_000507,1,SRC010,train
ASB04_000508,1,SRC001,train
ASB04_000509,1,SRC010,test
ASB04_000510,1,SRC010,train
ASB04_000511,1,SRC002,train
ASB04_000512,1,SRC001,train
ASB04_000513,1,SRC001,train
ASB04_000514,1,SRC010,train
ASB04_000515,1,SRC010,test
ASB04_000516,1,SRC001,validation
ASB04_000517,1,SRC010,validation
ASB04_000518,1,SRC013,train
ASB04_000519,1,SRC001,train
ASB04_000520,1,SRC001,test
ASB04_000521,1,SRC001,validation
ASB04_000522,1,SRC010,validation
ASB04_000523,1,SRC009,validation
ASB04_000524,1,SRC006,train
ASB04_000525,1,SRC010,train
ASB04_000526,1,SRC010,train
ASB04_000527,1,SRC010,test
ASB04_000528,1,SRC001,train
ASB04_000529,1,SRC010,train
ASB04_000530,1,SRC001,train
ASB04_000531,1,SRC010,train
ASB04_000532,1,SRC001,train
ASB04_000533,1,SRC010,train
ASB04_000534,1,SRC001,train
ASB04_000535,1,SRC001,train
ASB04_000536,1,SRC002,train
ASB04_000537,1,SRC010,validation
ASB04_000538,1,SRC010,train
ASB04_000539,1,SRC001,train
ASB04_000540,1,SRC009,validation
ASB04_000541,1,SRC010,train
ASB04_000542,1,SRC009,validation
ASB04_000543,1,SRC001,validation
ASB04_000544,1,SRC001,train
ASB04_000545,1,SRC009,train
ASB04_000546,1,SRC001,test
ASB04_000547,1,SRC010,validation
ASB04_000548,1,SRC013,train
ASB04_000549,1,SRC010,train
ASB04_000550,1,SRC010,train
ASB04_000551,1,SRC013,train
ASB04_000552,1,SRC010,train
ASB04_000553,1,SRC001,train
ASB04_000554,1,SRC001,train
ASB04_000555,1,SRC010,train
ASB04_000556,1,SRC001,train
ASB04_000557,1,SRC009,train
ASB04_000558,1,SRC010,test
ASB04_000559,1,SRC009,train
ASB04_000560,1,SRC010,train
ASB04_000561,1,SRC010,test
ASB04_000562,1,SRC001,train
ASB04_000563,1,SRC010,test
ASB04_000564,1,SRC001,train
ASB04_000565,1,SRC010,train
ASB04_000566,1,SRC001,train
ASB04_000567,1,SRC001,train
ASB04_000568,1,SRC010,train
ASB04_000569,1,SRC001,train
ASB04_000570,1,SRC010,train
ASB04_000571,1,SRC010,train
ASB04_000572,1,SRC001,test
ASB04_000573,1,SRC001,test
ASB04_000574,1,SRC001,train
ASB04_000575,1,SRC001,test
ASB04_000576,1,SRC010,validation
ASB04_000577,1,SRC001,train
ASB04_000578,1,SRC001,train
ASB04_000579,1,SRC001,test
ASB04_000580,1,SRC001,train
ASB04_000581,1,SRC001,validation
ASB04_000582,1,SRC001,test
ASB04_000583,1,SRC009,train
ASB04_000584,1,SRC010,train
ASB04_000585,1,SRC010,train
ASB04_000586,1,SRC010,train
ASB04_000587,1,SRC013,train
ASB04_000588,1,SRC001,test
ASB04_000589,1,SRC001,train
ASB04_000590,1,SRC001,train
ASB04_000591,1,SRC001,train
ASB04_000592,1,SRC010,train
ASB04_000593,1,SRC001,train
ASB04_000594,1,SRC001,validation
ASB04_000595,1,SRC013,train
ASB04_000596,1,SRC001,test
ASB04_000597,1,SRC002,train
ASB04_000598,1,SRC010,validation
ASB04_000599,1,SRC001,train
ASB04_000600,1,SRC001,train
ASB04_000601,1,SRC001,test
ASB04_000602,1,SRC010,train
ASB04_000603,1,SRC001,train
ASB04_000604,1,SRC009,train
ASB04_000605,1,SRC005,train
ASB04_000606,1,SRC001,train
ASB04_000607,1,SRC001,train
ASB04_000608,1,SRC010,train
ASB04_000609,1,SRC001,test
ASB04_000610,1,SRC010,train
ASB04_000611,1,SRC001,test
ASB04_000612,1,SRC001,train
ASB04_000613,1,SRC001,test
ASB04_000614,1,SRC010,train
ASB04_000615,1,SRC010,test
ASB04_000616,1,SRC001,train
ASB04_000617,1,SRC001,train
ASB04_000618,1,SRC009,train
ASB04_000619,1,SRC010,train
ASB04_000620,1,SRC010,test
ASB04_000621,1,SRC001,train
ASB04_000622,1,SRC009,train
ASB04_000623,1,SRC010,train
ASB04_000624,1,SRC010,train
ASB04_000625,1,SRC010,train
ASB04_000626,1,SRC010,train
ASB04_000627,1,SRC001,train
ASB04_000628,1,SRC001,train
ASB04_000629,1,SRC012,test
ASB04_000630,1,SRC009,train
ASB04_000631,1,SRC001,validation
ASB04_000632,1,SRC001,test
ASB04_000633,1,SRC010,test
ASB04_000634,1,SRC010,train
ASB04_000635,1,SRC010,train
ASB04_000636,1,SRC010,train
ASB04_000637,1,SRC010,train
ASB04_000638,1,SRC010,train
ASB04_000639,1,SRC013,train
ASB04_000640,1,SRC001,validation
ASB04_000641,1,SRC009,train
ASB04_000642,1,SRC010,train
ASB04_000643,1,SRC010,train
ASB04_000644,1,SRC010,test
ASB04_000645,1,SRC001,train
ASB04_000646,1,SRC009,test
ASB04_000647,1,SRC009,test
ASB04_000648,1,SRC010,train
ASB04_000649,1,SRC010,train
ASB04_000650,1,SRC001,train
ASB04_000651,1,SRC001,train
ASB04_000652,1,SRC001,test
ASB04_000653,1,SRC010,train
ASB04_000654,1,SRC001,train
ASB04_000655,1,SRC001,train
ASB04_000656,1,SRC010,train
ASB04_000657,1,SRC010,validation
ASB04_000658,1,SRC010,train
ASB04_000659,1,SRC001,test
ASB04_000660,1,SRC001,test
ASB04_000661,1,SRC001,test
ASB04_000662,1,SRC010,validation
ASB04_000663,1,SRC010,train
ASB04_000664,1,SRC001,validation
ASB04_000665,1,SRC001,train
ASB04_000666,1,SRC001,train
ASB04_000667,1,SRC010,test
ASB04_000668,1,SRC001,test
ASB04_000669,1,SRC001,train
ASB04_000670,1,SRC001,test
ASB04_000671,1,SRC001,train
ASB04_000672,1,SRC001,test
ASB04_000673,1,SRC010,train
ASB04_000674,1,SRC010,train
ASB04_000675,1,SRC010,validation
ASB04_000676,1,SRC009,train
ASB04_000677,1,SRC010,train
ASB04_000678,1,SRC001,train
ASB04_000679,1,SRC001,train
ASB04_000680,1,SRC001,train
ASB04_000681,1,SRC010,validation
ASB04_000682,1,SRC006,train
ASB04_000683,1,SRC013,train
ASB04_000684,1,SRC010,train
ASB04_000685,1,SRC010,train
ASB04_000686,1,SRC001,test
ASB04_000687,1,SRC001,train
ASB04_000688,1,SRC009,test
ASB04_000689,1,SRC010,train
ASB04_000690,1,SRC010,test
ASB04_000691,1,SRC010,train
ASB04_000692,1,SRC009,train
ASB04_000693,1,SRC001,validation
ASB04_000694,1,SRC001,train
ASB04_000695,1,SRC001,train
ASB04_000696,1,SRC010,test
ASB04_000697,1,SRC010,train
ASB04_000698,1,SRC001,test
ASB04_000699,1,SRC001,train
ASB04_000700,1,SRC001,validation
ASB04_000701,1,SRC001,train
ASB04_000702,1,SRC010,train
ASB04_000703,1,SRC010,test
ASB04_000704,1,SRC001,test
ASB04_000705,1,SRC001,train
ASB04_000706,1,SRC001,train
ASB04_000707,1,SRC001,train
ASB04_000708,1,SRC010,validation
ASB04_000709,1,SRC001,train
ASB04_000710,1,SRC010,train
ASB04_000711,1,SRC010,train
ASB04_000712,1,SRC010,train
ASB04_000713,1,SRC001,train
ASB04_000714,1,SRC001,train
ASB04_000715,1,SRC010,test
ASB04_000716,1,SRC010,train
ASB04_000717,1,SRC010,train
ASB04_000718,1,SRC001,train
ASB04_000719,1,SRC009,train
ASB04_000720,1,SRC001,validation
ASB04_000721,1,SRC012,train
ASB04_000722,1,SRC010,train
ASB04_000723,1,SRC001,train
ASB04_000724,1,SRC001,validation
ASB04_000725,1,SRC001,train
ASB04_000726,1,SRC001,train
ASB04_000727,1,SRC001,test
ASB04_000728,1,SRC010,validation
ASB04_000729,1,SRC010,train
ASB04_000730,1,SRC010,test
ASB04_000731,1,SRC010,train
ASB04_000732,1,SRC010,train
ASB04_000733,1,SRC010,train
ASB04_000734,1,SRC001,train
ASB04_000735,1,SRC001,train
ASB04_000736,1,SRC010,train
ASB04_000737,1,SRC001,train
ASB04_000738,1,SRC001,train
ASB04_000739,1,SRC001,train
ASB04_000740,1,SRC001,test
ASB04_000741,1,SRC001,train
ASB04_000742,1,SRC001,train
ASB04_000743,1,SRC011,train
ASB04_000744,1,SRC010,train
ASB04_000745,1,SRC001,train
ASB04_000746,1,SRC001,train
ASB04_000747,1,SRC001,train
ASB04_000748,1,SRC010,train
ASB04_000749,1,SRC010,train
ASB04_000750,1,SRC001,train
ASB04_000751,1,SRC009,train
ASB04_000752,1,SRC009,train
ASB04_000753,1,SRC001,train
ASB04_000754,1,SRC013,train
ASB04_000755,1,SRC013,train
ASB04_000756,1,SRC001,train
ASB04_000757,1,SRC002,train
ASB04_000758,1,SRC010,train
ASB04_000759,1,SRC001,train
ASB04_000760,1,SRC001,train
ASB04_000761,1,SRC009,train
ASB04_000762,1,SRC009,train
ASB04_000763,1,SRC010,train
ASB04_000764,1,SRC009,train
ASB04_000765,1,SRC010,train
ASB04_000766,1,SRC010,train
ASB04_000767,1,SRC009,train
ASB04_000768,1,SRC010,test
ASB04_000769,1,SRC010,train
ASB04_000770,1,SRC001,test
ASB04_000771,1,SRC010,test
ASB04_000772,1,SRC001,validation
ASB04_000773,1,SRC010,validation
ASB04_000774,1,SRC001,train
ASB04_000775,1,SRC010,train
ASB04_000776,1,SRC001,validation
ASB04_000777,1,SRC010,train
ASB04_000778,1,SRC010,train
ASB04_000779,1,SRC010,validation
ASB04_000780,1,SRC001,train
ASB04_000781,1,SRC001,test
ASB04_000782,1,SRC001,validation
ASB04_000783,1,SRC001,train
ASB04_000784,1,SRC001,train
ASB04_000785,1,SRC001,train
ASB04_000786,1,SRC001,validation
ASB04_000787,1,SRC001,train
ASB04_000788,1,SRC010,train
ASB04_000789,1,SRC009,test
ASB04_000790,1,SRC002,train
ASB04_000791,1,SRC009,train
ASB04_000792,1,SRC010,train
ASB04_000793,1,SRC001,test
ASB04_000794,1,SRC010,train
ASB04_000795,1,SRC010,train
ASB04_000796,1,SRC010,train
ASB04_000797,1,SRC001,test
ASB04_000798,1,SRC010,train
ASB04_000799,1,SRC010,train
ASB04_000800,1,SRC010,train
ASB04_000801,1,SRC010,train
ASB04_000802,1,SRC001,train
ASB04_000803,1,SRC001,train
ASB04_000804,1,SRC001,train
ASB04_000805,1,SRC001,train
ASB04_000806,1,SRC009,train
ASB04_000807,1,SRC010,train
ASB04_000808,1,SRC010,train
ASB04_000809,1,SRC001,train
ASB04_000810,1,SRC001,train
ASB04_000811,1,SRC010,train
ASB04_000812,1,SRC010,train
ASB04_000813,1,SRC010,train
ASB04_000814,1,SRC010,train
ASB04_000815,1,SRC010,train
ASB04_000816,1,SRC001,train
ASB04_000817,1,SRC010,train
ASB04_000818,1,SRC001,validation
ASB04_000819,1,SRC010,validation
ASB04_000820,1,SRC009,validation
ASB04_000821,1,SRC001,train
ASB04_000822,1,SRC010,train
ASB04_000823,1,SRC001,train
ASB04_000824,1,SRC010,train
ASB04_000825,1,SRC010,test
ASB04_000826,1,SRC001,train
ASB04_000827,1,SRC009,train
ASB04_000828,1,SRC001,train
ASB04_000829,1,SRC010,train
ASB04_000830,1,SRC010,train
ASB04_000831,1,SRC001,test
ASB04_000832,1,SRC010,train
ASB04_000833,1,SRC010,train
ASB04_000834,1,SRC009,train
ASB04_000835,1,SRC001,train
ASB04_000836,1,SRC001,train
ASB04_000837,1,SRC001,test
ASB04_000838,1,SRC001,train
ASB04_000839,1,SRC009,train
ASB04_000840,1,SRC010,test
ASB04_000841,1,SRC010,validation
ASB04_000842,1,SRC001,train
ASB04_000843,1,SRC010,train
ASB04_000844,1,SRC006,train
ASB04_000845,1,SRC013,train
ASB04_000846,1,SRC001,validation
ASB04_000847,1,SRC010,train
ASB04_000848,1,SRC010,train
ASB04_000849,1,SRC009,train
ASB04_000850,1,SRC001,train
ASB04_000851,1,SRC001,train
ASB04_000852,1,SRC001,train
ASB04_000853,1,SRC001,train
ASB04_000854,1,SRC009,train
ASB04_000855,1,SRC001,test
ASB04_000856,1,SRC001,test
ASB04_000857,1,SRC001,train
ASB04_000858,1,SRC001,train
ASB04_000859,1,SRC001,train
ASB04_000860,1,SRC001,train
ASB04_000861,1,SRC001,train
ASB04_000862,1,SRC010,train
ASB04_000863,1,SRC001,train
ASB04_000864,1,SRC001,train
ASB04_000865,1,SRC009,train
ASB04_000866,1,SRC001,train
ASB04_000867,1,SRC001,train
ASB04_000868,1,SRC010,test
ASB04_000869,1,SRC001,train
ASB04_000870,1,SRC010,test
ASB04_000871,1,SRC010,train
ASB04_000872,1,SRC001,train
ASB04_000873,1,SRC001,train
ASB04_000874,1,SRC010,validation
ASB04_000875,1,SRC010,validation
ASB04_000876,1,SRC001,test
ASB04_000877,1,SRC010,train
ASB04_000878,1,SRC010,train
ASB04_000879,1,SRC010,train
ASB04_000880,1,SRC010,train
ASB04_000881,1,SRC009,train
ASB04_000882,1,SRC001,train
ASB04_000883,1,SRC001,validation
ASB04_000884,1,SRC001,train
ASB04_000885,1,SRC009,train
ASB04_000886,1,SRC001,test
ASB04_000887,1,SRC009,train
ASB04_000888,1,SRC009,test
ASB04_000889,1,SRC001,test
ASB04_000890,1,SRC010,train
ASB04_000891,1,SRC010,train
ASB04_000892,1,SRC010,test
ASB04_000893,1,SRC004,train
ASB04_000894,1,SRC001,train
ASB04_000895,1,SRC009,test
ASB04_000896,1,SRC009,validation
ASB04_000897,1,SRC010,train
ASB04_000898,1,SRC010,train
ASB04_000899,1,SRC001,train
ASB04_000900,1,SRC009,train
ASB04_000901,1,SRC009,test
ASB04_000902,1,SRC001,train
ASB04_000903,1,SRC010,test
ASB04_000904,1,SRC009,train
ASB04_000905,1,SRC001,train
ASB04_000906,1,SRC001,validation
ASB04_000907,1,SRC001,train
ASB04_000908,1,SRC010,train
ASB04_000909,1,SRC001,train
ASB04_000910,1,SRC001,validation
ASB04_000911,1,SRC001,test
ASB04_000912,1,SRC010,train
ASB04_000913,1,SRC009,train
ASB04_000914,1,SRC001,test
ASB04_000915,1,SRC010,train
ASB04_000916,1,SRC010,train
ASB04_000917,1,SRC013,train
ASB04_000918,1,SRC001,train
ASB04_000919,1,SRC001,train
ASB04_000920,1,SRC010,train
ASB04_000921,1,SRC009,train
ASB04_000922,1,SRC009,train
ASB04_000923,1,SRC001,validation
ASB04_000924,1,SRC001,validation
ASB04_000925,1,SRC010,train
ASB04_000926,1,SRC001,train
ASB04_000927,1,SRC001,train
ASB04_000928,1,SRC010,train
ASB04_000929,1,SRC001,test
ASB04_000930,1,SRC001,test
ASB04_000931,1,SRC001,validation
ASB04_000932,1,SRC001,train
ASB04_000933,1,SRC001,train
ASB04_000934,1,SRC010,validation
ASB04_000935,1,SRC010,train
ASB04_000936,1,SRC001,validation
ASB04_000937,1,SRC010,train
ASB04_000938,1,SRC001,train
ASB04_000939,1,SRC010,train
ASB04_000940,1,SRC001,test
ASB04_000941,1,SRC010,train
ASB04_000942,1,SRC009,train
ASB04_000943,1,SRC001,test
ASB04_000944,1,SRC001,test
ASB04_000945,1,SRC001,train
ASB04_000946,1,SRC010,train
ASB04_000947,1,SRC001,test
ASB04_000948,1,SRC001,train
ASB04_000949,1,SRC009,validation
ASB04_000950,1,SRC001,train
ASB04_000951,1,SRC001,train
ASB04_000952,1,SRC004,train
ASB04_000953,1,SRC001,train
ASB04_000954,1,SRC002,train
ASB04_000955,1,SRC001,train
ASB04_000956,1,SRC001,train
ASB04_000957,1,SRC001,train
ASB04_000958,1,SRC001,train
ASB04_000959,1,SRC010,train
ASB04_000960,1,SRC001,train
ASB04_000961,1,SRC001,train
ASB04_000962,1,SRC010,train
ASB04_000963,1,SRC010,test
ASB04_000964,1,SRC001,validation
ASB04_000965,1,SRC001,train
ASB04_000966,1,SRC001,train
ASB04_000967,1,SRC010,train
ASB04_000968,1,SRC010,train
ASB04_000969,1,SRC009,train
ASB04_000970,1,SRC010,train
ASB04_000971,1,SRC010,train
ASB04_000972,1,SRC005,train
ASB04_000973,1,SRC010,test
ASB04_000974,1,SRC001,test
ASB04_000975,1,SRC010,train
ASB04_000976,1,SRC009,train
ASB04_000977,1,SRC001,test
ASB04_000978,1,SRC001,train
ASB04_000979,1,SRC002,train
ASB04_000980,1,SRC001,validation
ASB04_000981,1,SRC010,test
ASB04_000982,1,SRC012,train
ASB04_000983,1,SRC005,train
ASB04_000984,1,SRC001,train
ASB04_000985,1,SRC001,train
ASB04_000986,1,SRC001,validation
ASB04_000987,1,SRC001,train
ASB04_000988,1,SRC001,validation
ASB04_000989,1,SRC001,train
ASB04_000990,1,SRC010,test
ASB04_000991,1,SRC001,train
ASB04_000992,1,SRC010,train
ASB04_000993,1,SRC001,test
ASB04_000994,1,SRC010,train
ASB04_000995,1,SRC001,train
ASB04_000996,1,SRC010,train
ASB04_000997,1,SRC010,train
ASB04_000998,1,SRC010,train
ASB04_000999,1,SRC001,test
ASB04_001000,1,SRC010,validation
ASB04_001001,1,SRC005,train
ASB04_001002,1,SRC010,train
ASB04_001003,1,SRC001,train
ASB04_001004,1,SRC001,train
ASB04_001005,1,SRC010,train
ASB04_001006,1,SRC010,train
ASB04_001007,1,SRC001,test
ASB04_001008,1,SRC012,train
ASB04_001009,1,SRC001,train
ASB04_001010,1,SRC009,train
ASB04_001011,1,SRC001,train
ASB04_001012,1,SRC005,validation
ASB04_001013,1,SRC001,test
ASB04_001014,1,SRC009,test
ASB04_001015,1,SRC010,train
ASB04_001016,1,SRC001,train
ASB04_001017,1,SRC001,test
ASB04_001018,1,SRC001,train
ASB04_001019,1,SRC009,train
ASB04_001020,1,SRC010,validation
ASB04_001021,1,SRC001,train
ASB04_001022,1,SRC010,train
ASB04_001023,1,SRC010,train
ASB04_001024,1,SRC001,validation
ASB04_001025,1,SRC001,train
ASB04_001026,1,SRC001,train
ASB04_001027,1,SRC001,train
ASB04_001028,1,SRC009,train
ASB04_001029,1,SRC001,train
ASB04_001030,1,SRC010,train
ASB04_001031,1,SRC001,train
ASB04_001032,1,SRC010,validation
ASB04_001033,1,SRC001,train
ASB04_001034,1,SRC001,train
ASB04_001035,1,SRC009,train
ASB04_001036,1,SRC001,validation
ASB04_001037,1,SRC010,train
ASB04_001038,1,SRC002,test
ASB04_001039,1,SRC010,train
ASB04_001040,1,SRC010,train
ASB04_001041,1,SRC001,train
ASB04_001042,1,SRC002,train
ASB04_001043,1,SRC010,train
ASB04_001044,1,SRC010,validation
ASB04_001045,1,SRC004,train
ASB04_001046,1,SRC002,train
ASB04_001047,1,SRC009,train
ASB04_001048,1,SRC001,train
ASB04_001049,1,SRC001,validation
ASB04_001050,1,SRC010,train
ASB04_001051,1,SRC001,test
ASB04_001052,1,SRC001,train
ASB04_001053,1,SRC001,train
ASB04_001054,1,SRC001,train
ASB04_001055,1,SRC010,validation
ASB04_001056,1,SRC009,train
ASB04_001057,1,SRC001,train
ASB04_001058,1,SRC001,train
ASB04_001059,1,SRC010,test
ASB04_001060,1,SRC010,train
ASB04_001061,1,SRC009,train
ASB04_001062,1,SRC006,train
ASB04_001063,1,SRC009,train
ASB04_001064,1,SRC010,train
ASB04_001065,1,SRC001,test
ASB04_001066,1,SRC010,train
ASB04_001067,1,SRC001,train
ASB04_001068,1,SRC001,test
ASB04_001069,1,SRC010,train
ASB04_001070,1,SRC001,train
ASB04_001071,1,SRC010,test
ASB04_001072,1,SRC001,train
ASB04_001073,1,SRC001,test
ASB04_001074,1,SRC009,train
ASB04_001075,1,SRC001,train
ASB04_001076,1,SRC001,train
ASB04_001077,1,SRC001,train
ASB04_001078,1,SRC012,train
ASB04_001079,1,SRC010,train
ASB04_001080,1,SRC010,train
ASB04_001081,1,SRC010,validation
ASB04_001082,1,SRC001,train
ASB04_001083,1,SRC001,train
ASB04_001084,1,SRC010,train
ASB04_001085,1,SRC010,train
ASB04_001086,1,SRC010,validation
ASB04_001087,1,SRC001,train
ASB04_001088,1,SRC010,train
ASB04_001089,1,SRC010,validation
ASB04_001090,1,SRC001,test
ASB04_001091,1,SRC001,train
ASB04_001092,1,SRC010,test
ASB04_001093,1,SRC001,train
ASB04_001094,1,SRC009,train
ASB04_001095,1,SRC001,train
ASB04_001096,1,SRC012,train
ASB04_001097,1,SRC010,train
ASB04_001098,1,SRC005,train
ASB04_001099,1,SRC010,validation
ASB04_001100,1,SRC009,test
ASB04_001101,1,SRC001,train
ASB04_001102,1,SRC010,train
ASB04_001103,1,SRC001,test
ASB04_001104,1,SRC013,train
ASB04_001105,1,SRC010,test
ASB04_001106,1,SRC001,validation
ASB04_001107,1,SRC009,test
ASB04_001108,1,SRC001,train
ASB04_001109,1,SRC010,train
ASB04_001110,1,SRC010,train
ASB04_001111,1,SRC001,validation
ASB04_001112,1,SRC013,train
ASB04_001113,1,SRC010,train
ASB04_001114,1,SRC010,train
ASB04_001115,1,SRC010,train
ASB04_001116,1,SRC010,train
ASB04_001117,1,SRC001,test
ASB04_001118,1,SRC010,train
ASB04_001119,1,SRC009,train
ASB04_001120,1,SRC010,train
ASB04_001121,1,SRC001,validation
ASB04_001122,1,SRC010,train
ASB04_001123,1,SRC001,train
ASB04_001124,1,SRC010,train
ASB04_001125,1,SRC010,validation
ASB04_001126,1,SRC001,test
ASB04_001127,1,SRC009,train
ASB04_001128,1,SRC010,train
ASB04_001129,1,SRC010,train
ASB04_001130,1,SRC010,train
ASB04_001131,1,SRC001,test
ASB04_001132,1,SRC010,train
ASB04_001133,1,SRC001,test
ASB04_001134,1,SRC001,validation
ASB04_001135,1,SRC006,test
ASB04_001136,1,SRC001,validation
ASB04_001137,1,SRC010,test
ASB04_001138,1,SRC009,test
ASB04_001139,1,SRC009,test
ASB04_001140,1,SRC010,train
ASB04_001141,1,SRC009,test
ASB04_001142,1,SRC010,test
ASB04_001143,1,SRC001,train
ASB04_001144,1,SRC010,validation
ASB04_001145,1,SRC010,train
ASB04_001146,1,SRC001,train
ASB04_001147,1,SRC001,train
ASB04_001148,1,SRC001,train
ASB04_001149,1,SRC010,train
ASB04_001150,1,SRC001,train
ASB04_001151,1,SRC001,test
ASB04_001152,1,SRC001,test
ASB04_001153,1,SRC009,train
ASB04_001154,1,SRC010,train
ASB04_001155,1,SRC010,validation
ASB04_001156,1,SRC002,train
ASB04_001157,1,SRC010,train
ASB04_001158,1,SRC009,train
ASB04_001159,1,SRC001,train
ASB04_001160,1,SRC010,test
ASB04_001161,1,SRC001,train
ASB04_001162,1,SRC001,train
ASB04_001163,1,SRC001,train
ASB04_001164,1,SRC010,train
ASB04_001165,1,SRC001,train
ASB04_001166,1,SRC001,train
ASB04_001167,1,SRC010,train
ASB04_001168,1,SRC001,train
ASB04_001169,1,SRC010,train
ASB04_001170,1,SRC010,test
ASB04_001171,1,SRC001,train
ASB04_001172,1,SRC010,validation
ASB04_001173,1,SRC001,train
ASB04_001174,1,SRC001,train
ASB04_001175,1,SRC010,train
ASB04_001176,1,SRC001,train
ASB04_001177,1,SRC010,train
ASB04_001178,1,SRC001,test
ASB04_001179,1,SRC001,test
ASB04_001180,1,SRC001,test
ASB04_001181,1,SRC010,train
ASB04_001182,1,SRC001,train
ASB04_001183,1,SRC010,train
ASB04_001184,1,SRC010,train
ASB04_001185,1,SRC001,train
ASB04_001186,1,SRC001,validation
ASB04_001187,1,SRC010,train
ASB04_001188,1,SRC009,train
ASB04_001189,1,SRC010,train
ASB04_001190,1,SRC010,train
ASB04_001191,1,SRC001,test
ASB04_001192,1,SRC001,train
ASB04_001193,1,SRC001,train
ASB04_001194,1,SRC001,train
ASB04_001195,1,SRC004,train
ASB04_001196,1,SRC011,train
ASB04_001197,1,SRC010,test
ASB04_001198,1,SRC009,train
ASB04_001199,1,SRC001,train
ASB04_001200,1,SRC013,train
ASB04_001201,1,SRC001,train
ASB04_001202,1,SRC009,train
ASB04_001203,1,SRC010,train
ASB04_001204,1,SRC001,train
ASB04_001205,1,SRC010,train
ASB04_001206,1,SRC009,train
ASB04_001207,1,SRC009,validation
ASB04_001208,1,SRC001,test
ASB04_001209,1,SRC010,train
ASB04_001210,1,SRC010,train
ASB04_001211,1,SRC001,train
ASB04_001212,1,SRC009,train
ASB04_001213,1,SRC009,train
ASB04_001214,1,SRC010,validation
ASB04_001215,1,SRC010,train
ASB04_001216,1,SRC001,train
ASB04_001217,1,SRC010,validation
ASB04_001218,1,SRC001,train
ASB04_001219,1,SRC010,train
ASB04_001220,1,SRC009,train
ASB04_001221,1,SRC001,train
ASB04_001222,1,SRC001,train
ASB04_001223,1,SRC001,train
ASB04_001224,1,SRC010,train
ASB04_001225,1,SRC010,train
ASB04_001226,1,SRC010,train
ASB04_001227,1,SRC001,train
ASB04_001228,1,SRC010,test
ASB04_001229,1,SRC001,test
ASB04_001230,1,SRC001,train
ASB04_001231,1,SRC010,train
ASB04_001232,1,SRC001,train
ASB04_001233,1,SRC001,test
ASB04_001234,1,SRC001,train
ASB04_001235,1,SRC001,train
ASB04_001236,1,SRC009,train
ASB04_001237,1,SRC001,test
ASB04_001238,1,SRC001,test
ASB04_001239,1,SRC001,test
ASB04_001240,1,SRC009,train
ASB04_001241,1,SRC012,train
ASB04_001242,1,SRC010,test
ASB04_001243,1,SRC001,train
ASB04_001244,1,SRC012,validation
ASB04_001245,1,SRC005,train
ASB04_001246,1,SRC001,train
ASB04_001247,1,SRC001,test
ASB04_001248,1,SRC010,train
ASB04_001249,1,SRC010,train
ASB04_001250,1,SRC001,train
ASB04_001251,1,SRC010,train
ASB04_001252,1,SRC010,train
ASB04_001253,1,SRC009,train
ASB04_001254,1,SRC012,train
ASB04_001255,1,SRC010,train
ASB04_001256,1,SRC009,train
ASB04_001257,1,SRC001,test
ASB04_001258,1,SRC010,test
ASB04_001259,1,SRC005,train
ASB04_001260,1,SRC001,train
ASB04_001261,1,SRC001,train
ASB04_001262,1,SRC001,train
ASB04_001263,1,SRC010,train
ASB04_001264,1,SRC001,train
ASB04_001265,1,SRC010,test
ASB04_001266,1,SRC010,train
ASB04_001267,1,SRC010,train
ASB04_001268,1,SRC010,train
ASB04_001269,1,SRC001,train
ASB04_001270,1,SRC001,train
ASB04_001271,1,SRC001,train
ASB04_001272,1,SRC010,train
ASB04_001273,1,SRC009,train
ASB04_001274,1,SRC001,train
ASB04_001275,1,SRC010,train
ASB04_001276,1,SRC001,validation
ASB04_001277,1,SRC001,train
ASB04_001278,1,SRC010,train
ASB04_001279,1,SRC001,train
ASB04_001280,1,SRC001,train
ASB04_001281,1,SRC009,train
ASB04_001282,1,SRC013,train
ASB04_001283,1,SRC001,train
ASB04_001284,1,SRC001,test
ASB04_001285,1,SRC001,test
ASB04_001286,1,SRC010,train
ASB04_001287,1,SRC001,train
ASB04_001288,1,SRC001,train
ASB04_001289,1,SRC010,train
ASB04_001290,1,SRC009,train
ASB04_001291,1,SRC001,train
ASB04_001292,1,SRC010,train
ASB04_001293,1,SRC010,train
ASB04_001294,1,SRC010,test
ASB04_001295,1,SRC009,train
ASB04_001296,1,SRC001,train
ASB04_001297,1,SRC009,validation
ASB04_001298,1,SRC010,train
ASB04_001299,1,SRC001,train
ASB04_001300,1,SRC001,validation
ASB04_001301,1,SRC001,train
ASB04_001302,1,SRC001,test
ASB04_001303,1,SRC010,train
ASB04_001304,1,SRC001,test
ASB04_001305,1,SRC010,test
ASB04_001306,1,SRC010,train
ASB04_001307,1,SRC010,train
ASB04_001308,1,SRC010,validation
ASB04_001309,1,SRC009,train
ASB04_001310,1,SRC001,test
ASB04_001311,1,SRC010,train
ASB04_001312,1,SRC001,test
ASB04_001313,1,SRC001,train
ASB04_001314,1,SRC010,train
ASB04_001315,1,SRC001,train
ASB04_001316,1,SRC010,train
ASB04_001317,1,SRC001,test
ASB04_001318,1,SRC010,train
ASB04_001319,1,SRC001,train
ASB04_001320,1,SRC010,train
ASB04_001321,1,SRC001,train
ASB04_001322,1,SRC010,train
ASB04_001323,1,SRC010,train
ASB04_001324,1,SRC001,train
ASB04_001325,1,SRC001,train
ASB04_001326,1,SRC001,validation
ASB04_001327,1,SRC001,test
ASB04_001328,1,SRC010,train
ASB04_001329,1,SRC001,train
ASB04_001330,1,SRC010,train
ASB04_001331,1,SRC010,train
ASB04_001332,1,SRC001,test
ASB04_001333,1,SRC001,train
ASB04_001334,1,SRC010,train
ASB04_001335,1,SRC010,train
ASB04_001336,1,SRC010,train
ASB04_001337,1,SRC001,test
ASB04_001338,1,SRC006,train
ASB04_001339,1,SRC009,train
ASB04_001340,1,SRC010,train
ASB04_001341,1,SRC001,train
ASB04_001342,1,SRC001,train
ASB04_001343,1,SRC001,train
ASB04_001344,1,SRC001,train
ASB04_001345,1,SRC001,train
ASB04_001346,1,SRC010,train
ASB04_001347,1,SRC001,train
ASB04_001348,1,SRC001,train
ASB04_001349,1,SRC010,test
ASB04_001350,1,SRC001,train
ASB04_001351,1,SRC013,train
ASB04_001352,1,SRC010,train
ASB04_001353,1,SRC001,train
ASB04_001354,1,SRC001,train
ASB04_001355,1,SRC010,train
ASB04_001356,1,SRC005,train
ASB04_001357,1,SRC010,test
ASB04_001358,1,SRC001,train
ASB04_001359,1,SRC009,train
ASB04_001360,1,SRC001,train
ASB04_001361,1,SRC001,train
ASB04_001362,1,SRC013,train
ASB04_001363,1,SRC001,train
ASB04_001364,1,SRC001,test
ASB04_001365,1,SRC001,train
ASB04_001366,1,SRC009,validation
ASB04_001367,1,SRC012,train
ASB04_001368,1,SRC010,train
ASB04_001369,1,SRC010,test
ASB04_001370,1,SRC001,train
ASB04_001371,1,SRC001,train
ASB04_001372,1,SRC001,train
ASB04_001373,1,SRC010,train
ASB04_001374,1,SRC009,train
ASB04_001375,1,SRC010,train
ASB04_001376,1,SRC001,train
ASB04_001377,1,SRC010,validation
ASB04_001378,1,SRC001,validation
ASB04_001379,1,SRC010,test
ASB04_001380,1,SRC002,train
ASB04_001381,1,SRC013,test
ASB04_001382,1,SRC001,test
ASB04_001383,1,SRC001,test
ASB04_001384,1,SRC010,train
ASB04_001385,1,SRC001,train
ASB04_001386,1,SRC001,train
ASB04_001387,1,SRC001,train
ASB04_001388,1,SRC010,train
ASB04_001389,1,SRC010,train
ASB04_001390,1,SRC010,train
ASB04_001391,1,SRC010,test
ASB04_001392,1,SRC001,test
ASB04_001393,1,SRC010,train
ASB04_001394,1,SRC009,train
ASB04_001395,1,SRC010,train
ASB04_001396,1,SRC010,test
ASB04_001397,1,SRC013,train
ASB04_001398,1,SRC010,train
ASB04_001399,1,SRC010,train
ASB04_001400,1,SRC001,test
ASB04_001401,1,SRC001,train
ASB04_001402,1,SRC010,test
ASB04_001403,1,SRC010,train
ASB04_001404,1,SRC009,validation
ASB04_001405,1,SRC009,test
ASB04_001406,1,SRC010,train
ASB04_001407,1,SRC013,train
ASB04_001408,1,SRC010,train
ASB04_001409,1,SRC001,train
ASB04_001410,1,SRC009,train
ASB04_001411,1,SRC001,train
ASB04_001412,1,SRC001,train
ASB04_001413,1,SRC001,train
ASB04_001414,1,SRC001,train
ASB04_001415,1,SRC001,train
ASB04_001416,1,SRC001,train
ASB04_001417,1,SRC004,train
ASB04_001418,1,SRC009,train
ASB04_001419,1,SRC001,train
ASB04_001420,1,SRC009,train
ASB04_001421,1,SRC001,train
ASB04_001422,1,SRC010,train
ASB04_001423,1,SRC010,validation
ASB04_001424,1,SRC010,train
ASB04_001425,1,SRC001,test
ASB04_001426,1,SRC010,train
ASB04_001427,1,SRC012,train
ASB04_001428,1,SRC010,train
ASB04_001429,1,SRC001,test
ASB04_001430,1,SRC010,train
ASB04_001431,1,SRC010,train
ASB04_001432,1,SRC010,test
ASB04_001433,1,SRC010,train
ASB04_001434,1,SRC013,train
ASB04_001435,1,SRC010,train
ASB04_001436,1,SRC012,train
ASB04_001437,1,SRC002,train
ASB04_001438,1,SRC010,train
ASB04_001439,1,SRC001,train
ASB04_001440,1,SRC010,test
ASB04_001441,1,SRC002,train
ASB04_001442,1,SRC001,train
ASB04_001443,1,SRC001,test
ASB04_001444,1,SRC009,train
ASB04_001445,1,SRC010,train
ASB04_001446,1,SRC001,train
ASB04_001447,1,SRC013,train
ASB04_001448,1,SRC010,validation
ASB04_001449,1,SRC010,train
ASB04_001450,1,SRC010,test
ASB04_001451,1,SRC001,train
ASB04_001452,1,SRC010,train
ASB04_001453,1,SRC001,train
ASB04_001454,1,SRC001,train
ASB04_001455,1,SRC010,train
ASB04_001456,1,SRC010,validation
ASB04_001457,1,SRC001,train
ASB04_001458,1,SRC009,test
ASB04_001459,1,SRC010,train
ASB04_001460,1,SRC001,test
ASB04_001461,1,SRC009,test
ASB04_001462,1,SRC001,test
ASB04_001463,1,SRC001,train
ASB04_001464,1,SRC010,validation
ASB04_001465,1,SRC001,train
ASB04_001466,1,SRC001,train
ASB04_001467,1,SRC010,validation
ASB04_001468,1,SRC001,train
ASB04_001469,1,SRC010,train
ASB04_001470,1,SRC010,train
ASB04_001471,1,SRC001,train
ASB04_001472,1,SRC010,train
ASB04_001473,1,SRC010,train
ASB04_001474,1,SRC001,test
ASB04_001475,1,SRC001,test
ASB04_001476,1,SRC001,train
ASB04_001477,1,SRC002,test
ASB04_001478,1,SRC001,train
ASB04_001479,1,SRC001,test
ASB04_001480,1,SRC001,train
ASB04_001481,1,SRC006,train
ASB04_001482,1,SRC001,test
ASB04_001483,1,SRC010,train
ASB04_001484,1,SRC009,train
ASB04_001485,1,SRC010,train
ASB04_001486,1,SRC001,train
ASB04_001487,1,SRC002,test
ASB04_001488,1,SRC010,train
ASB04_001489,1,SRC001,train
ASB04_001490,1,SRC009,train
ASB04_001491,1,SRC010,train
ASB04_001492,1,SRC013,train
ASB04_001493,1,SRC010,test
ASB04_001494,1,SRC012,train
ASB04_001495,1,SRC001,validation
ASB04_001496,1,SRC005,train
ASB04_001497,1,SRC010,train
ASB04_001498,1,SRC009,test
ASB04_001499,1,SRC010,train
ASB04_001500,1,SRC001,train
ASB04_001501,1,SRC010,train
ASB04_001502,1,SRC002,train
ASB04_001503,1,SRC001,train
ASB04_001504,1,SRC001,train
ASB04_001505,1,SRC002,train
ASB04_001506,1,SRC002,train
ASB04_001507,1,SRC010,train
ASB04_001508,1,SRC010,train
ASB04_001509,1,SRC010,validation
ASB04_001510,1,SRC001,train
ASB04_001511,1,SRC002,test
ASB04_001512,1,SRC001,train
ASB04_001513,1,SRC010,train
ASB04_001514,1,SRC001,train
ASB04_001515,1,SRC001,train
ASB04_001516,1,SRC010,train
ASB04_001517,1,SRC009,train
ASB04_001518,1,SRC001,validation
ASB04_001519,1,SRC001,train
ASB04_001520,1,SRC001,test
ASB04_001521,1,SRC001,train
ASB04_001522,1,SRC009,train
ASB04_001523,1,SRC001,validation
ASB04_001524,1,SRC001,validation
ASB04_001525,1,SRC001,test
ASB04_001526,1,SRC010,train
ASB04_001527,1,SRC001,train
ASB04_001528,1,SRC009,train
ASB04_001529,1,SRC001,train
ASB04_001530,1,SRC010,validation
ASB04_001531,1,SRC001,train
ASB04_001532,1,SRC009,test
ASB04_001533,1,SRC001,train
ASB04_001534,1,SRC010,train
ASB04_001535,1,SRC010,train
ASB04_001536,1,SRC010,train
ASB04_001537,1,SRC010,train
ASB04_001538,1,SRC010,test
ASB04_001539,1,SRC010,test
ASB04_001540,1,SRC001,train
ASB04_001541,1,SRC010,test
ASB04_001542,1,SRC001,train
ASB04_001543,1,SRC001,train
ASB04_001544,1,SRC010,train
ASB04_001545,1,SRC001,train
ASB04_001546,1,SRC010,train
ASB04_001547,1,SRC001,validation
ASB04_001548,1,SRC010,train
ASB04_001549,1,SRC001,test
ASB04_001550,1,SRC001,test
ASB04_001551,1,SRC001,train
ASB04_001552,1,SRC001,train
ASB04_001553,1,SRC001,test
ASB04_001554,1,SRC010,train
ASB04_001555,1,SRC001,train
ASB04_001556,1,SRC001,train
ASB04_001557,1,SRC001,test
ASB04_001558,1,SRC010,train
ASB04_001559,1,SRC001,train
ASB04_001560,1,SRC010,train
ASB04_001561,1,SRC001,test
ASB04_001562,1,SRC010,train
ASB04_001563,1,SRC010,train
ASB04_001564,1,SRC010,train
ASB04_001565,1,SRC010,train
ASB04_001566,1,SRC001,train
ASB04_001567,1,SRC010,train
ASB04_001568,1,SRC011,test
ASB04_001569,1,SRC009,train
ASB04_001570,1,SRC001,train
ASB04_001571,1,SRC013,train
ASB04_001572,1,SRC010,train
ASB04_001573,1,SRC010,test
ASB04_001574,1,SRC009,validation
ASB04_001575,1,SRC001,train
ASB04_001576,1,SRC010,train
ASB04_001577,1,SRC010,train
ASB04_001578,1,SRC001,validation
ASB04_001579,1,SRC001,train
ASB04_001580,1,SRC001,train
ASB04_001581,1,SRC010,train
ASB04_001582,1,SRC001,train
ASB04_001583,1,SRC009,train
ASB04_001584,1,SRC009,train
ASB04_001585,1,SRC009,train
ASB04_001586,1,SRC010,validation
ASB04_001587,1,SRC001,train
ASB04_001588,1,SRC001,test
ASB04_001589,1,SRC001,test
ASB04_001590,1,SRC001,test
ASB04_001591,1,SRC010,train
ASB04_001592,1,SRC001,test
ASB04_001593,1,SRC012,test
ASB04_001594,1,SRC010,train
ASB04_001595,1,SRC001,validation
ASB04_001596,1,SRC010,train
ASB04_001597,1,SRC009,train
ASB04_001598,1,SRC010,train
ASB04_001599,1,SRC001,train
ASB04_001600,1,SRC010,train
ASB04_001601,1,SRC010,train
ASB04_001602,1,SRC001,validation
ASB04_001603,1,SRC010,test
ASB04_001604,1,SRC001,train
ASB04_001605,1,SRC010,train
ASB04_001606,1,SRC001,test
ASB04_001607,1,SRC001,train
ASB04_001608,1,SRC001,train
ASB04_001609,1,SRC001,train
ASB04_001610,1,SRC009,train
ASB04_001611,1,SRC009,validation
ASB04_001612,1,SRC010,train
ASB04_001613,1,SRC009,train
ASB04_001614,1,SRC002,test
ASB04_001615,1,SRC001,train
ASB04_001616,1,SRC009,train
ASB04_001617,1,SRC010,train
ASB04_001618,1,SRC001,train
ASB04_001619,1,SRC001,train
ASB04_001620,1,SRC001,validation
ASB04_001621,1,SRC006,train
ASB04_001622,1,SRC001,train
ASB04_001623,1,SRC010,train
ASB04_001624,1,SRC010,train
ASB04_001625,1,SRC010,train
ASB04_001626,1,SRC001,test
ASB04_001627,1,SRC010,train
ASB04_001628,1,SRC002,test
ASB04_001629,1,SRC010,validation
ASB04_001630,1,SRC002,test
ASB04_001631,1,SRC009,train
ASB04_001632,1,SRC001,train
ASB04_001633,1,SRC010,train
ASB04_001634,1,SRC001,test
ASB04_001635,1,SRC001,train
ASB04_001636,1,SRC010,test
ASB04_001637,1,SRC013,validation
ASB04_001638,1,SRC001,train
ASB04_001639,1,SRC001,test
ASB04_001640,1,SRC001,train
ASB04_001641,1,SRC009,test
ASB04_001642,1,SRC001,test
ASB04_001643,1,SRC001,train
ASB04_001644,1,SRC001,train
ASB04_001645,1,SRC001,test
ASB04_001646,1,SRC010,train
ASB04_001647,1,SRC009,train
ASB04_001648,1,SRC001,train
ASB04_001649,1,SRC001,train
ASB04_001650,1,SRC009,train
ASB04_001651,1,SRC002,train
ASB04_001652,1,SRC009,validation
ASB04_001653,1,SRC001,train
ASB04_001654,1,SRC001,test
ASB04_001655,1,SRC010,train
ASB04_001656,1,SRC001,train
ASB04_001657,1,SRC010,train
ASB04_001658,1,SRC010,train
ASB04_001659,1,SRC010,train
ASB04_001660,1,SRC006,train
ASB04_001661,1,SRC010,train
ASB04_001662,1,SRC010,test
ASB04_001663,1,SRC001,train
ASB04_001664,1,SRC009,train
ASB04_001665,1,SRC001,train
ASB04_001666,1,SRC010,train
ASB04_001667,1,SRC001,train
ASB04_001668,1,SRC001,train
ASB04_001669,1,SRC001,test
ASB04_001670,1,SRC001,train
ASB04_001671,1,SRC010,train
ASB04_001672,1,SRC010,train
ASB04_001673,1,SRC010,train
ASB04_001674,1,SRC009,test
ASB04_001675,1,SRC010,validation
ASB04_001676,1,SRC001,train
ASB04_001677,1,SRC009,test
ASB04_001678,1,SRC010,train
ASB04_001679,1,SRC001,train
ASB04_001680,1,SRC001,validation
ASB04_001681,1,SRC009,train
ASB04_001682,1,SRC010,train
ASB04_001683,1,SRC001,train
ASB04_001684,1,SRC010,train
ASB04_001685,1,SRC010,train
ASB04_001686,1,SRC010,train
ASB04_001687,1,SRC010,train
ASB04_001688,1,SRC001,test
ASB04_001689,1,SRC010,train
ASB04_001690,1,SRC010,test
ASB04_001691,1,SRC001,train
ASB04_001692,1,SRC010,train
ASB04_001693,1,SRC001,train
ASB04_001694,1,SRC010,validation
ASB04_001695,1,SRC001,train
ASB04_001696,1,SRC001,train
ASB04_001697,1,SRC010,test
ASB04_001698,1,SRC012,test
ASB04_001699,1,SRC001,validation
ASB04_001700,1,SRC001,train
ASB04_001701,1,SRC013,train
ASB04_001702,1,SRC001,train
ASB04_001703,1,SRC009,train
ASB04_001704,1,SRC001,train
ASB04_001705,1,SRC001,train
ASB04_001706,1,SRC010,train
ASB04_001707,1,SRC001,train
ASB04_001708,1,SRC010,train
ASB04_001709,1,SRC001,test
ASB04_001710,1,SRC001,train
ASB04_001711,1,SRC010,train
ASB04_001712,1,SRC001,train
ASB04_001713,1,SRC001,train
ASB04_001714,1,SRC001,train
ASB04_001715,1,SRC009,train
ASB04_001716,1,SRC010,test
ASB04_001717,1,SRC010,test
ASB04_001718,1,SRC001,train
ASB04_001719,1,SRC009,train
ASB04_001720,1,SRC001,test
ASB04_001721,1,SRC010,train
ASB04_001722,1,SRC001,train
ASB04_001723,1,SRC002,train
ASB04_001724,1,SRC010,test
ASB04_001725,1,SRC002,test
ASB04_001726,1,SRC001,test
ASB04_001727,1,SRC001,train
ASB04_001728,1,SRC009,validation
ASB04_001729,1,SRC001,train
ASB04_001730,1,SRC001,train
ASB04_001731,1,SRC001,train
ASB04_001732,1,SRC010,train
ASB04_001733,1,SRC001,train
ASB04_001734,1,SRC010,test
ASB04_001735,1,SRC010,train
ASB04_001736,1,SRC001,test
ASB04_001737,1,SRC001,train
ASB04_001738,1,SRC001,train
ASB04_001739,1,SRC001,train
ASB04_001740,1,SRC010,train
ASB04_001741,1,SRC001,train
ASB04_001742,1,SRC001,train
ASB04_001743,1,SRC001,train
ASB04_001744,1,SRC009,train
ASB04_001745,1,SRC001,train
ASB04_001746,1,SRC001,train
ASB04_001747,1,SRC009,train
ASB04_001748,1,SRC009,train
ASB04_001749,1,SRC010,train
ASB04_001750,1,SRC001,test
ASB04_001751,1,SRC001,test
ASB04_001752,1,SRC001,validation
ASB04_001753,1,SRC001,test
ASB04_001754,1,SRC001,test
ASB04_001755,1,SRC009,train
ASB04_001756,1,SRC010,train
ASB04_001757,1,SRC001,train
ASB04_001758,1,SRC010,test
ASB04_001759,1,SRC001,train
ASB04_001760,1,SRC001,test
ASB04_001761,1,SRC001,train
ASB04_001762,1,SRC012,train
ASB04_001763,1,SRC001,validation
ASB04_001764,1,SRC001,train
ASB04_001765,1,SRC001,validation
ASB04_001766,1,SRC001,train
ASB04_001767,1,SRC010,validation
ASB04_001768,1,SRC001,test
ASB04_001769,1,SRC009,train
ASB04_001770,1,SRC010,train
ASB04_001771,1,SRC010,train
ASB04_001772,1,SRC009,train
ASB04_001773,1,SRC001,test
ASB04_001774,1,SRC010,train
ASB04_001775,1,SRC001,test
ASB04_001776,1,SRC009,train
ASB04_001777,1,SRC001,validation
ASB04_001778,1,SRC009,train
ASB04_001779,1,SRC009,validation
ASB04_001780,1,SRC001,train
ASB04_001781,1,SRC001,train
ASB04_001782,1,SRC010,test
ASB04_001783,1,SRC012,train
ASB04_001784,1,SRC001,train
ASB04_001785,1,SRC010,train
ASB04_001786,1,SRC001,train
ASB04_001787,1,SRC010,train
ASB04_001788,1,SRC010,validation
ASB04_001789,1,SRC001,train
ASB04_001790,1,SRC002,train
ASB04_001791,1,SRC001,train
ASB04_001792,1,SRC001,train
ASB04_001793,1,SRC010,test
ASB04_001794,1,SRC010,train
ASB04_001795,1,SRC001,train
ASB04_001796,1,SRC006,train
ASB04_001797,1,SRC001,train
ASB04_001798,1,SRC001,train
ASB04_001799,1,SRC012,train
ASB04_001800,1,SRC010,train
ASB04_001801,1,SRC013,test
ASB04_001802,1,SRC001,train
ASB04_001803,1,SRC001,train
ASB04_001804,1,SRC001,train
ASB04_001805,1,SRC010,validation
ASB04_001806,1,SRC010,train
ASB04_001807,1,SRC010,train
ASB04_001808,1,SRC010,train
ASB04_001809,1,SRC010,train
ASB04_001810,1,SRC010,test
ASB04_001811,1,SRC010,train
ASB04_001812,1,SRC001,train
ASB04_001813,1,SRC001,test
ASB04_001814,1,SRC010,train
ASB04_001815,1,SRC010,test
ASB04_001816,1,SRC011,validation
ASB04_001817,1,SRC001,train
ASB04_001818,1,SRC001,train
ASB04_001819,1,SRC001,train
ASB04_001820,1,SRC001,test
ASB04_001821,1,SRC001,train
ASB04_001822,1,SRC001,validation
ASB04_001823,1,SRC006,validation
ASB04_001824,1,SRC001,validation
ASB04_001825,1,SRC001,test
ASB04_001826,1,SRC009,train
ASB04_001827,1,SRC001,validation
ASB04_001828,1,SRC001,test
ASB04_001829,1,SRC010,test
ASB04_001830,1,SRC001,test
ASB04_001831,1,SRC001,train
ASB04_001832,1,SRC010,train
ASB04_001833,1,SRC010,train
ASB04_001834,1,SRC010,train
ASB04_001835,1,SRC009,train
ASB04_001836,1,SRC001,train
ASB04_001837,1,SRC010,test
ASB04_001838,1,SRC009,train
ASB04_001839,1,SRC001,train
ASB04_001840,1,SRC001,train
ASB04_001841,1,SRC011,train
ASB04_001842,1,SRC001,test
ASB04_001843,1,SRC001,validation
ASB04_001844,1,SRC010,train
ASB04_001845,1,SRC001,train
ASB04_001846,1,SRC001,test
ASB04_001847,1,SRC001,test
ASB04_001848,1,SRC001,test
ASB04_001849,1,SRC001,train
ASB04_001850,1,SRC009,test
ASB04_001851,1,SRC010,train
ASB04_001852,1,SRC009,train
ASB04_001853,1,SRC010,train
ASB04_001854,1,SRC001,train
ASB04_001855,1,SRC001,test
ASB04_001856,1,SRC010,test
ASB04_001857,1,SRC010,validation
ASB04_001858,1,SRC001,train
ASB04_001859,1,SRC005,train
ASB04_001860,1,SRC010,train
ASB04_001861,1,SRC010,train
ASB04_001862,1,SRC005,test
ASB04_001863,1,SRC001,train
ASB04_001864,1,SRC001,validation
ASB04_001865,1,SRC010,train
ASB04_001866,1,SRC001,train
ASB04_001867,1,SRC001,test
ASB04_001868,1,SRC001,train
ASB04_001869,1,SRC001,validation
ASB04_001870,1,SRC001,train
ASB04_001871,1,SRC001,train
ASB04_001872,1,SRC010,train
ASB04_001873,1,SRC001,train
ASB04_001874,1,SRC001,train
ASB04_001875,1,SRC010,train
ASB04_001876,1,SRC001,validation
ASB04_001877,1,SRC001,train
ASB04_001878,1,SRC001,train
ASB04_001879,1,SRC013,test
ASB04_001880,1,SRC002,train
ASB04_001881,1,SRC001,train
ASB04_001882,1,SRC001,train
ASB04_001883,1,SRC010,train
ASB04_001884,1,SRC001,train
ASB04_001885,1,SRC001,validation
ASB04_001886,1,SRC010,validation
ASB04_001887,1,SRC010,train
ASB04_001888,1,SRC001,train
ASB04_001889,1,SRC010,train
ASB04_001890,1,SRC006,test
ASB04_001891,1,SRC010,test
ASB04_001892,1,SRC001,train
ASB04_001893,1,SRC013,train
ASB04_001894,1,SRC009,train
ASB04_001895,1,SRC001,train
ASB04_001896,1,SRC001,train
ASB04_001897,1,SRC009,validation
ASB04_001898,1,SRC001,train
ASB04_001899,1,SRC010,validation
ASB04_001900,1,SRC010,test
ASB04_001901,1,SRC001,validation
ASB04_001902,1,SRC010,train
ASB04_001903,1,SRC009,train
ASB04_001904,1,SRC010,test
ASB04_001905,1,SRC001,test
ASB04_001906,1,SRC010,train
ASB04_001907,1,SRC001,train
ASB04_001908,1,SRC010,test
ASB04_001909,1,SRC010,train
ASB04_001910,1,SRC010,test
ASB04_001911,1,SRC001,test
ASB04_001912,1,SRC001,train
ASB04_001913,1,SRC010,train
ASB04_001914,1,SRC010,test
ASB04_001915,1,SRC010,validation
ASB04_001916,1,SRC001,train
ASB04_001917,1,SRC010,train
ASB04_001918,1,SRC010,train
ASB04_001919,1,SRC001,train
ASB04_001920,1,SRC001,train
ASB04_001921,1,SRC001,train
ASB04_001922,1,SRC001,train
ASB04_001923,1,SRC001,train
ASB04_001924,1,SRC009,train
ASB04_001925,1,SRC010,test
ASB04_001926,1,SRC010,train
ASB04_001927,1,SRC010,train
ASB04_001928,1,SRC013,train
ASB04_001929,1,SRC010,train
ASB04_001930,1,SRC001,test
ASB04_001931,1,SRC001,train
ASB04_001932,1,SRC009,test
ASB04_001933,1,SRC001,test
ASB04_001934,1,SRC009,train
ASB04_001935,1,SRC010,train
ASB04_001936,1,SRC001,train
ASB04_001937,1,SRC001,test
ASB04_001938,1,SRC001,train
ASB04_001939,1,SRC001,validation
ASB04_001940,1,SRC009,validation
ASB04_001941,1,SRC010,train
ASB04_001942,1,SRC010,train
ASB04_001943,1,SRC001,train
ASB04_001944,1,SRC001,validation
ASB04_001945,1,SRC013,train
ASB04_001946,1,SRC001,train
ASB04_001947,1,SRC001,test
ASB04_001948,1,SRC010,train
ASB04_001949,1,SRC001,validation
ASB04_001950,1,SRC001,train
ASB04_001951,1,SRC009,test
ASB04_001952,1,SRC001,train
ASB04_001953,1,SRC010,train
ASB04_001954,1,SRC009,test
ASB04_001955,1,SRC001,train
ASB04_001956,1,SRC010,train
ASB04_001957,1,SRC001,train
ASB04_001958,1,SRC001,train
ASB04_001959,1,SRC010,test
ASB04_001960,1,SRC010,train
ASB04_001961,1,SRC013,test
ASB04_001962,1,SRC009,train
ASB04_001963,1,SRC009,train
ASB04_001964,1,SRC010,train
ASB04_001965,1,SRC001,train
ASB04_001966,1,SRC001,train
ASB04_001967,1,SRC001,train
ASB04_001968,1,SRC001,validation
ASB04_001969,1,SRC001,validation
ASB04_001970,1,SRC001,train
ASB04_001971,1,SRC001,test
ASB04_001972,1,SRC001,train
ASB04_001973,1,SRC010,train
ASB04_001974,1,SRC009,train
ASB04_001975,1,SRC010,validation
ASB04_001976,1,SRC001,train
ASB04_001977,1,SRC001,train
ASB04_001978,1,SRC010,train
ASB04_001979,1,SRC001,train
ASB04_001980,1,SRC002,train
ASB04_001981,1,SRC012,train
ASB04_001982,1,SRC001,train
ASB04_001983,1,SRC001,train
ASB04_001984,1,SRC010,train
ASB04_001985,1,SRC001,train
ASB04_001986,1,SRC001,test
ASB04_001987,1,SRC010,test
ASB04_001988,1,SRC010,test
ASB04_001989,1,SRC001,test
ASB04_001990,1,SRC010,train
ASB04_001991,1,SRC010,train
ASB04_001992,1,SRC001,validation
ASB04_001993,1,SRC001,train
ASB04_001994,1,SRC010,train
ASB04_001995,1,SRC010,test
ASB04_001996,1,SRC001,train
ASB04_001997,1,SRC010,test
ASB04_001998,1,SRC001,train
ASB04_001999,1,SRC001,test
ASB04_002000,1,SRC001,test
ASB04_002001,1,SRC010,train
ASB04_002002,1,SRC001,test
ASB04_002003,1,SRC001,train
ASB04_002004,1,SRC001,test
ASB04_002005,1,SRC001,train
ASB04_002006,1,SRC001,test
ASB04_002007,1,SRC001,train
ASB04_002008,1,SRC009,test
ASB04_002009,1,SRC001,train
ASB04_002010,1,SRC002,validation
ASB04_002011,1,SRC004,validation
ASB04_002012,1,SRC001,validation
ASB04_002013,1,SRC001,train
ASB04_002014,1,SRC010,train
ASB04_002015,1,SRC001,validation
ASB04_002016,1,SRC010,validation
ASB04_002017,1,SRC001,validation
ASB04_002018,1,SRC009,train
ASB04_002019,1,SRC010,train
ASB04_002020,1,SRC001,test
ASB04_002021,1,SRC009,train
ASB04_002022,1,SRC010,validation
ASB04_002023,1,SRC010,train
ASB04_002024,1,SRC001,validation
ASB04_002025,1,SRC010,train
ASB04_002026,1,SRC010,train
ASB04_002027,1,SRC010,train
ASB04_002028,1,SRC001,train
ASB04_002029,1,SRC001,train
ASB04_002030,1,SRC009,train
ASB04_002031,1,SRC010,train
ASB04_002032,1,SRC010,train
ASB04_002033,1,SRC012,train
ASB04_002034,1,SRC009,train
ASB04_002035,1,SRC006,train
ASB04_002036,1,SRC001,train
ASB04_002037,1,SRC013,train
ASB04_002038,1,SRC005,validation
ASB04_002039,1,SRC001,test
ASB04_002040,1,SRC010,train
ASB04_002041,1,SRC009,train
ASB04_002042,1,SRC001,validation
ASB04_002043,1,SRC001,train
ASB04_002044,1,SRC001,train
ASB04_002045,1,SRC001,test
ASB04_002046,1,SRC010,train
ASB04_002047,1,SRC001,test
ASB04_002048,1,SRC001,train
ASB04_002049,1,SRC011,train
ASB04_002050,1,SRC001,train
ASB04_002051,1,SRC001,train
ASB04_002052,1,SRC010,train
ASB04_002053,1,SRC001,validation
ASB04_002054,1,SRC010,train
ASB04_002055,1,SRC012,train
ASB04_002056,1,SRC010,train
ASB04_002057,1,SRC001,train
ASB04_002058,1,SRC001,train
ASB04_002059,1,SRC001,train
ASB04_002060,1,SRC001,train
ASB04_002061,1,SRC010,train
ASB04_002062,1,SRC009,train
ASB04_002063,1,SRC010,train
ASB04_002064,1,SRC001,train
ASB04_002065,1,SRC001,test
ASB04_002066,1,SRC009,train
ASB04_002067,1,SRC001,validation
ASB04_002068,1,SRC002,train
ASB04_002069,1,SRC001,train
ASB04_002070,1,SRC001,train
ASB04_002071,1,SRC001,test
ASB04_002072,1,SRC010,train
ASB04_002073,1,SRC001,train
ASB04_002074,1,SRC001,test
ASB04_002075,1,SRC010,train
ASB04_002076,1,SRC004,train
ASB04_002077,1,SRC001,train
ASB04_002078,1,SRC009,train
ASB04_002079,1,SRC010,validation
ASB04_002080,1,SRC001,test
ASB04_002081,1,SRC010,train
ASB04_002082,1,SRC010,train
ASB04_002083,1,SRC001,train
ASB04_002084,1,SRC013,train
ASB04_002085,1,SRC009,train
ASB04_002086,1,SRC010,test
ASB04_002087,1,SRC001,train
ASB04_002088,1,SRC010,train
ASB04_002089,1,SRC001,train
ASB04_002090,1,SRC013,train
ASB04_002091,1,SRC001,validation
ASB04_002092,1,SRC001,train
ASB04_002093,1,SRC001,validation
ASB04_002094,1,SRC010,train
ASB04_002095,1,SRC010,train
ASB04_002096,1,SRC009,train
ASB04_002097,1,SRC010,validation
ASB04_002098,1,SRC010,validation
ASB04_002099,1,SRC001,train
ASB04_002100,1,SRC010,train
ASB04_002101,1,SRC010,test
ASB04_002102,1,SRC001,test
ASB04_002103,1,SRC010,test
ASB04_002104,1,SRC010,train
ASB04_002105,1,SRC010,train
ASB04_002106,1,SRC001,validation
ASB04_002107,1,SRC009,train
ASB04_002108,1,SRC012,train
ASB04_002109,1,SRC010,train
ASB04_002110,1,SRC010,train
ASB04_002111,1,SRC010,train
ASB04_002112,1,SRC001,train
ASB04_002113,1,SRC001,train
ASB04_002114,1,SRC010,validation
ASB04_002115,1,SRC001,train
ASB04_002116,1,SRC001,train
ASB04_002117,1,SRC001,train
ASB04_002118,1,SRC002,train
ASB04_002119,1,SRC010,train
ASB04_002120,1,SRC010,train
ASB04_002121,1,SRC001,test
ASB04_002122,1,SRC010,train
ASB04_002123,1,SRC001,train
ASB04_002124,1,SRC009,train
ASB04_002125,1,SRC010,train
ASB04_002126,1,SRC009,test
ASB04_002127,1,SRC010,train
ASB04_002128,1,SRC010,train
ASB04_002129,1,SRC001,train
ASB04_002130,1,SRC001,train
ASB04_002131,1,SRC001,validation
ASB04_002132,1,SRC010,train
ASB04_002133,1,SRC001,train
ASB04_002134,1,SRC010,train
ASB04_002135,1,SRC010,train
ASB04_002136,1,SRC013,train
ASB04_002137,1,SRC010,train
ASB04_002138,1,SRC001,train
ASB04_002139,1,SRC001,train
ASB04_002140,1,SRC001,test
ASB04_002141,1,SRC001,test
ASB04_002142,1,SRC001,train
ASB04_002143,1,SRC010,train
ASB04_002144,1,SRC009,train
ASB04_002145,1,SRC009,train
ASB04_002146,1,SRC010,train
ASB04_002147,1,SRC001,train
ASB04_002148,1,SRC010,train
ASB04_002149,1,SRC001,test
ASB04_002150,1,SRC010,train
ASB04_002151,1,SRC010,train
ASB04_002152,1,SRC001,test
ASB04_002153,1,SRC001,train
ASB04_002154,1,SRC009,train
ASB04_002155,1,SRC009,train
ASB04_002156,1,SRC001,train
ASB04_002157,1,SRC010,test
ASB04_002158,1,SRC010,train
ASB04_002159,1,SRC001,test
ASB04_002160,1,SRC001,validation
ASB04_002161,1,SRC010,test
ASB04_002162,1,SRC010,validation
ASB04_002163,1,SRC001,train
ASB04_002164,1,SRC010,train
ASB04_002165,1,SRC010,train
ASB04_002166,1,SRC001,train
ASB04_002167,1,SRC011,train
ASB04_002168,1,SRC013,train
ASB04_002169,1,SRC001,train
ASB04_002170,1,SRC010,test
ASB04_002171,1,SRC001,train
ASB04_002172,1,SRC001,test
ASB04_002173,1,SRC010,validation
ASB04_002174,1,SRC001,train
ASB04_002175,1,SRC013,test
ASB04_002176,1,SRC001,train
ASB04_002177,1,SRC010,test
ASB04_002178,1,SRC010,train
ASB04_002179,1,SRC004,train
ASB04_002180,1,SRC010,validation
ASB04_002181,1,SRC001,train
ASB04_002182,1,SRC001,train
ASB04_002183,1,SRC001,train
ASB04_002184,1,SRC001,train
ASB04_002185,1,SRC001,train
ASB04_002186,1,SRC001,train
ASB04_002187,1,SRC010,test
ASB04_002188,1,SRC010,train
ASB04_002189,1,SRC001,test
ASB04_002190,1,SRC010,train
ASB04_002191,1,SRC001,validation
ASB04_002192,1,SRC001,train
ASB04_002193,1,SRC001,train
ASB04_002194,1,SRC010,train
ASB04_002195,1,SRC010,test
ASB04_002196,1,SRC012,train
ASB04_002197,1,SRC010,test
ASB04_002198,1,SRC010,train
ASB04_002199,1,SRC001,train
ASB04_002200,1,SRC001,train
ASB04_002201,1,SRC001,train
ASB04_002202,1,SRC006,train
ASB04_002203,1,SRC001,train
ASB04_002204,1,SRC009,train
ASB04_002205,1,SRC009,test
ASB04_002206,1,SRC009,train
ASB04_002207,1,SRC001,train
ASB04_002208,1,SRC010,test
ASB04_002209,1,SRC001,train
ASB04_002210,1,SRC010,train
ASB04_002211,1,SRC009,train
ASB04_002212,1,SRC010,validation
ASB04_002213,1,SRC010,train
ASB04_002214,1,SRC001,train
ASB04_002215,1,SRC001,train
ASB04_002216,1,SRC001,train
ASB04_002217,1,SRC001,test
ASB04_002218,1,SRC001,test
ASB04_002219,1,SRC005,test
ASB04_002220,1,SRC009,train
ASB04_002221,1,SRC001,test
ASB04_002222,1,SRC010,train
ASB04_002223,1,SRC013,test
ASB04_002224,1,SRC010,train
ASB04_002225,1,SRC010,test
ASB04_002226,1,SRC010,train
ASB04_002227,1,SRC001,train
ASB04_002228,1,SRC009,train
ASB04_002229,1,SRC010,train
ASB04_002230,1,SRC001,train
ASB04_002231,1,SRC009,validation
ASB04_002232,1,SRC001,train
ASB04_002233,1,SRC009,train
ASB04_002234,1,SRC001,train
ASB04_002235,1,SRC009,train
ASB04_002236,1,SRC010,validation
ASB04_002237,1,SRC010,train
ASB04_002238,1,SRC009,train
ASB04_002239,1,SRC001,validation
ASB04_002240,1,SRC010,train
ASB04_002241,1,SRC013,validation
ASB04_002242,1,SRC010,test
ASB04_002243,1,SRC012,validation
ASB04_002244,1,SRC001,validation
ASB04_002245,1,SRC001,train
ASB04_002246,1,SRC010,train
ASB04_002247,1,SRC001,train
ASB04_002248,1,SRC001,test
ASB04_002249,1,SRC010,train
ASB04_002250,1,SRC010,train
ASB04_002251,1,SRC001,train
ASB04_002252,1,SRC010,train
ASB04_002253,1,SRC001,train
ASB04_002254,1,SRC010,train
ASB04_002255,1,SRC010,train
ASB04_002256,1,SRC013,train
ASB04_002257,1,SRC010,test
ASB04_002258,1,SRC010,test
ASB04_002259,1,SRC001,train
ASB04_002260,1,SRC001,train
ASB04_002261,1,SRC010,train
ASB04_002262,1,SRC001,validation
ASB04_002263,1,SRC010,train
ASB04_002264,1,SRC001,train
ASB04_002265,1,SRC001,train
ASB04_002266,1,SRC006,train
ASB04_002267,1,SRC001,train
ASB04_002268,1,SRC010,test
ASB04_002269,1,SRC001,train
ASB04_002270,1,SRC010,test
ASB04_002271,1,SRC001,train
ASB04_002272,1,SRC001,train
ASB04_002273,1,SRC010,train
ASB04_002274,1,SRC001,train
ASB04_002275,1,SRC010,validation
ASB04_002276,1,SRC001,train
ASB04_002277,1,SRC001,train
ASB04_002278,1,SRC001,validation
ASB04_002279,1,SRC001,train
ASB04_002280,1,SRC001,test
ASB04_002281,1,SRC001,train
ASB04_002282,1,SRC013,test
ASB04_002283,1,SRC010,test
ASB04_002284,1,SRC010,train
ASB04_002285,1,SRC001,train
ASB04_002286,1,SRC001,test
ASB04_002287,1,SRC001,train
ASB04_002288,1,SRC001,train
ASB04_002289,1,SRC010,train
ASB04_002290,1,SRC010,train
ASB04_002291,1,SRC009,validation
ASB04_002292,1,SRC009,train
ASB04_002293,1,SRC001,test
ASB04_002294,1,SRC001,test
ASB04_002295,1,SRC010,train
ASB04_002296,1,SRC001,test
ASB04_002297,1,SRC001,train
ASB04_002298,1,SRC001,test
ASB04_002299,1,SRC001,train
ASB04_002300,1,SRC010,train
ASB04_002301,1,SRC001,train
ASB04_002302,1,SRC001,train
ASB04_002303,1,SRC001,train
ASB04_002304,1,SRC010,train
ASB04_002305,1,SRC010,train
ASB04_002306,1,SRC010,train
ASB04_002307,1,SRC001,train
ASB04_002308,1,SRC001,test
ASB04_002309,1,SRC001,train
ASB04_002310,1,SRC009,validation
ASB04_002311,1,SRC009,train
ASB04_002312,1,SRC010,test
ASB04_002313,1,SRC009,train
ASB04_002314,1,SRC001,train
ASB04_002315,1,SRC001,train
ASB04_002316,1,SRC009,validation
ASB04_002317,1,SRC001,train
ASB04_002318,1,SRC010,train
ASB04_002319,1,SRC009,train
ASB04_002320,1,SRC010,train
ASB04_002321,1,SRC010,test
ASB04_002322,1,SRC009,train
ASB04_002323,1,SRC012,train
ASB04_002324,1,SRC009,train
ASB04_002325,1,SRC009,validation
ASB04_002326,1,SRC001,test
ASB04_002327,1,SRC010,validation
ASB04_002328,1,SRC001,train
ASB04_002329,1,SRC001,train
ASB04_002330,1,SRC009,test
ASB04_002331,1,SRC009,train
ASB04_002332,1,SRC009,test
ASB04_002333,1,SRC001,train
ASB04_002334,1,SRC010,train
ASB04_002335,1,SRC001,test
ASB04_002336,1,SRC001,train
ASB04_002337,1,SRC001,validation
ASB04_002338,1,SRC001,train
ASB04_002339,1,SRC001,train
ASB04_002340,1,SRC010,train
ASB04_002341,1,SRC002,train
ASB04_002342,1,SRC009,validation
ASB04_002343,1,SRC009,validation
ASB04_002344,1,SRC010,train
ASB04_002345,1,SRC009,train
ASB04_002346,1,SRC010,train
ASB04_002347,1,SRC001,train
ASB04_002348,1,SRC010,train
ASB04_002349,1,SRC001,train
ASB04_002350,1,SRC010,test
ASB04_002351,1,SRC001,train
ASB04_002352,1,SRC001,train
ASB04_002353,1,SRC001,test
ASB04_002354,1,SRC001,train
ASB04_002355,1,SRC010,train
ASB04_002356,1,SRC009,validation
ASB04_002357,1,SRC001,train
ASB04_002358,1,SRC010,train
ASB04_002359,1,SRC009,train
ASB04_002360,1,SRC010,train
ASB04_002361,1,SRC001,train
ASB04_002362,1,SRC010,test
ASB04_002363,1,SRC001,train
ASB04_002364,1,SRC010,train
ASB04_002365,1,SRC001,train
ASB04_002366,1,SRC010,train
ASB04_002367,1,SRC013,train
ASB04_002368,1,SRC001,validation
ASB04_002369,1,SRC001,validation
ASB04_002370,1,SRC001,test
ASB04_002371,1,SRC001,train
ASB04_002372,1,SRC010,train
ASB04_002373,1,SRC010,train
ASB04_002374,1,SRC001,train
ASB04_002375,1,SRC010,train
ASB04_002376,1,SRC001,train
ASB04_002377,1,SRC001,test
ASB04_002378,1,SRC001,train
ASB04_002379,1,SRC001,test
ASB04_002380,1,SRC001,test
ASB04_002381,1,SRC009,test
ASB04_002382,1,SRC001,test
ASB04_002383,1,SRC009,train
ASB04_002384,1,SRC001,train
ASB04_002385,1,SRC005,test
ASB04_002386,1,SRC009,validation
ASB04_002387,1,SRC010,test
ASB04_002388,1,SRC001,train
ASB04_002389,1,SRC009,train
ASB04_002390,1,SRC010,train
ASB04_002391,1,SRC009,test
ASB04_002392,1,SRC010,train
ASB04_002393,1,SRC001,train
ASB04_002394,1,SRC010,train
ASB04_002395,1,SRC010,validation
ASB04_002396,1,SRC001,test
ASB04_002397,1,SRC009,train
ASB04_002398,1,SRC010,train
ASB04_002399,1,SRC010,train
ASB04_002400,1,SRC010,train
ASB04_002401,1,SRC001,test
ASB04_002402,1,SRC001,validation
ASB04_002403,1,SRC001,train
ASB04_002404,1,SRC001,test
ASB04_002405,1,SRC001,train
ASB04_002406,1,SRC010,train
ASB04_002407,1,SRC001,train
ASB04_002408,1,SRC001,train
ASB04_002409,1,SRC001,test
ASB04_002410,1,SRC001,validation
ASB04_002411,1,SRC009,train
ASB04_002412,1,SRC009,train
ASB04_002413,1,SRC010,train
ASB04_002414,1,SRC010,train
ASB04_002415,1,SRC010,train
ASB04_002416,1,SRC010,train
ASB04_002417,1,SRC001,validation
ASB04_002418,1,SRC001,train
ASB04_002419,1,SRC009,train
ASB04_002420,1,SRC010,train
ASB04_002421,1,SRC010,train
ASB04_002422,1,SRC010,test
ASB04_002423,1,SRC001,test
ASB04_002424,1,SRC009,train
ASB04_002425,1,SRC001,train
ASB04_002426,1,SRC010,train
ASB04_002427,1,SRC001,test
ASB04_002428,1,SRC010,train
ASB04_002429,1,SRC010,validation
ASB04_002430,1,SRC001,validation
ASB04_002431,1,SRC009,train
ASB04_002432,1,SRC010,train
ASB04_002433,1,SRC010,train
ASB04_002434,1,SRC001,train
ASB04_002435,1,SRC001,train
ASB04_002436,1,SRC010,train
ASB04_002437,1,SRC009,train
ASB04_002438,1,SRC001,test
ASB04_002439,1,SRC010,train
ASB04_002440,1,SRC013,train
ASB04_002441,1,SRC001,train
ASB04_002442,1,SRC001,train
ASB04_002443,1,SRC013,test
ASB04_002444,1,SRC001,train
ASB04_002445,1,SRC010,validation
ASB04_002446,1,SRC001,train
ASB04_002447,1,SRC001,train
ASB04_002448,1,SRC001,train
ASB04_002449,1,SRC009,test
ASB04_002450,1,SRC001,train
ASB04_002451,1,SRC010,validation
ASB04_002452,1,SRC010,test
ASB04_002453,1,SRC010,test
ASB04_002454,1,SRC009,train
ASB04_002455,1,SRC001,test
ASB04_002456,1,SRC001,train
ASB04_002457,1,SRC001,train
ASB04_002458,1,SRC001,train
ASB04_002459,1,SRC006,train
ASB04_002460,1,SRC010,validation
ASB04_002461,1,SRC010,validation
ASB04_002462,1,SRC010,validation
ASB04_002463,1,SRC010,train
ASB04_002464,1,SRC001,train
ASB04_002465,1,SRC001,train
ASB04_002466,1,SRC010,train
ASB04_002467,1,SRC001,validation
ASB04_002468,1,SRC010,train
ASB04_002469,1,SRC009,validation
ASB04_002470,1,SRC001,test
ASB04_002471,1,SRC001,train
ASB04_002472,1,SRC010,train
ASB04_002473,1,SRC001,test
ASB04_002474,1,SRC010,train
ASB04_002475,1,SRC001,train
ASB04_002476,1,SRC001,test
ASB04_002477,1,SRC010,train
ASB04_002478,1,SRC001,train
ASB04_002479,1,SRC001,train
ASB04_002480,1,SRC010,test
ASB04_002481,1,SRC001,validation
ASB04_002482,1,SRC001,train
ASB04_002483,1,SRC001,train
ASB04_002484,1,SRC009,train
ASB04_002485,1,SRC002,train
ASB04_002486,1,SRC010,train
ASB04_002487,1,SRC010,train
ASB04_002488,1,SRC001,train
ASB04_002489,1,SRC009,train
ASB04_002490,1,SRC001,test
ASB04_002491,1,SRC001,test
ASB04_002492,1,SRC001,train
ASB04_002493,1,SRC001,train
ASB04_002494,1,SRC001,test
ASB04_002495,1,SRC010,test
ASB04_002496,1,SRC010,train
ASB04_002497,1,SRC010,test
ASB04_002498,1,SRC006,test
ASB04_002499,1,SRC009,train
ASB04_002500,1,SRC010,train
ASB04_002501,1,SRC010,validation
ASB04_002502,1,SRC010,validation
ASB04_002503,1,SRC001,train
ASB04_002504,1,SRC010,test
ASB04_002505,1,SRC001,test
ASB04_002506,1,SRC009,train
ASB04_002507,1,SRC001,train
ASB04_002508,1,SRC013,validation
ASB04_002509,1,SRC001,train
ASB04_002510,1,SRC010,train
ASB04_002511,1,SRC001,train
ASB04_002512,1,SRC001,train
ASB04_002513,1,SRC010,validation
ASB04_002514,1,SRC006,train
ASB04_002515,1,SRC010,train
ASB04_002516,1,SRC001,train
ASB04_002517,1,SRC010,train
ASB04_002518,1,SRC002,train
ASB04_002519,1,SRC001,train
ASB04_002520,1,SRC001,train
ASB04_002521,1,SRC001,validation
ASB04_002522,1,SRC001,train
ASB04_002523,1,SRC010,train
ASB04_002524,1,SRC010,train
ASB04_002525,1,SRC009,test
ASB04_002526,1,SRC001,test
ASB04_002527,1,SRC001,train
ASB04_002528,1,SRC001,validation
ASB04_002529,1,SRC001,validation
ASB04_002530,1,SRC001,validation
ASB04_002531,1,SRC001,test
ASB04_002532,1,SRC010,train
ASB04_002533,1,SRC001,train
ASB04_002534,1,SRC001,train
ASB04_002535,1,SRC010,train
ASB04_002536,1,SRC001,test
ASB04_002537,1,SRC010,test
ASB04_002538,1,SRC002,train
ASB04_002539,1,SRC001,train
ASB04_002540,1,SRC001,test
ASB04_002541,1,SRC010,train
ASB04_002542,1,SRC001,train
ASB04_002543,1,SRC010,train
ASB04_002544,1,SRC001,train
ASB04_002545,1,SRC006,validation
ASB04_002546,1,SRC001,train
ASB04_002547,1,SRC009,test
ASB04_002548,1,SRC001,test
ASB04_002549,1,SRC001,train
ASB04_002550,1,SRC009,train
ASB04_002551,1,SRC010,train
ASB04_002552,1,SRC001,validation
ASB04_002553,1,SRC001,test
ASB04_002554,1,SRC006,train
ASB04_002555,1,SRC010,train
ASB04_002556,1,SRC013,validation
ASB04_002557,1,SRC001,test
ASB04_002558,1,SRC001,test
ASB04_002559,1,SRC010,test
ASB04_002560,1,SRC001,train
ASB04_002561,1,SRC001,train
ASB04_002562,1,SRC009,train
ASB04_002563,1,SRC002,validation
ASB04_002564,1,SRC001,validation
ASB04_002565,1,SRC001,test
ASB04_002566,1,SRC001,train
ASB04_002567,1,SRC010,test
ASB04_002568,1,SRC010,validation
ASB04_002569,1,SRC010,train
ASB04_002570,1,SRC001,train
ASB04_002571,1,SRC011,train
ASB04_002572,1,SRC009,train
ASB04_002573,1,SRC001,train
ASB04_002574,1,SRC001,train
ASB04_002575,1,SRC001,train
ASB04_002576,1,SRC010,train
ASB04_002577,1,SRC009,train
ASB04_002578,1,SRC010,train
ASB04_002579,1,SRC001,train
ASB04_002580,1,SRC002,train
ASB04_002581,1,SRC001,train
ASB04_002582,1,SRC002,test
ASB04_002583,1,SRC001,train
ASB04_002584,1,SRC010,test
ASB04_002585,1,SRC010,train
ASB04_002586,1,SRC009,train
ASB04_002587,1,SRC001,train
ASB04_002588,1,SRC001,test
ASB04_002589,1,SRC010,train
ASB04_002590,1,SRC001,train
ASB04_002591,1,SRC001,train
ASB04_002592,1,SRC001,test
ASB04_002593,1,SRC009,train
ASB04_002594,1,SRC010,validation
ASB04_002595,1,SRC009,train
ASB04_002596,1,SRC001,train
ASB04_002597,1,SRC001,train
ASB04_002598,1,SRC001,test
ASB04_002599,1,SRC010,train
ASB04_002600,1,SRC006,train
ASB04_002601,1,SRC001,train
ASB04_002602,1,SRC010,validation
ASB04_002603,1,SRC013,train
ASB04_002604,1,SRC010,train
ASB04_002605,1,SRC009,train
ASB04_002606,1,SRC010,train
ASB04_002607,1,SRC001,validation
ASB04_002608,1,SRC009,train
ASB04_002609,1,SRC010,test
ASB04_002610,1,SRC010,train
ASB04_002611,1,SRC005,test
ASB04_002612,1,SRC001,train
ASB04_002613,1,SRC010,train
ASB04_002614,1,SRC013,validation
ASB04_002615,1,SRC002,train
ASB04_002616,1,SRC010,train
ASB04_002617,1,SRC001,test
ASB04_002618,1,SRC010,train
ASB04_002619,1,SRC009,train
ASB04_002620,1,SRC010,train
ASB04_002621,1,SRC010,train
ASB04_002622,1,SRC001,train
ASB04_002623,1,SRC001,train
ASB04_002624,1,SRC010,train
ASB04_002625,1,SRC010,test
ASB04_002626,1,SRC010,train
ASB04_002627,1,SRC010,train
ASB04_002628,1,SRC009,train
ASB04_002629,1,SRC010,train
ASB04_002630,1,SRC001,train
ASB04_002631,1,SRC002,test
ASB04_002632,1,SRC001,train
ASB04_002633,1,SRC010,train
ASB04_002634,1,SRC010,train
ASB04_002635,1,SRC001,validation
ASB04_002636,1,SRC001,test
ASB04_002637,1,SRC010,train
ASB04_002638,1,SRC001,train
ASB04_002639,1,SRC001,train
ASB04_002640,1,SRC009,train
ASB04_002641,1,SRC001,train
ASB04_002642,1,SRC001,train
ASB04_002643,1,SRC006,train
ASB04_002644,1,SRC001,test
ASB04_002645,1,SRC010,train
ASB04_002646,1,SRC001,test
ASB04_002647,1,SRC002,train
ASB04_002648,1,SRC012,train
ASB04_002649,1,SRC001,train
ASB04_002650,1,SRC010,test
ASB04_002651,1,SRC010,train
ASB04_002652,1,SRC010,train
ASB04_002653,1,SRC001,validation
ASB04_002654,1,SRC001,train
ASB04_002655,1,SRC013,train
ASB04_002656,1,SRC010,test
ASB04_002657,1,SRC001,train
ASB04_002658,1,SRC010,validation
ASB04_002659,1,SRC010,test
ASB04_002660,1,SRC001,test
ASB04_002661,1,SRC001,test
ASB04_002662,1,SRC013,test
ASB04_002663,1,SRC001,train
ASB04_002664,1,SRC010,train
ASB04_002665,1,SRC001,train
ASB04_002666,1,SRC010,test
ASB04_002667,1,SRC010,train
ASB04_002668,1,SRC001,test
ASB04_002669,1,SRC010,test
ASB04_002670,1,SRC010,train
ASB04_002671,1,SRC010,train
ASB04_002672,1,SRC001,validation
ASB04_002673,1,SRC001,test
ASB04_002674,1,SRC001,train
ASB04_002675,1,SRC010,train
ASB04_002676,1,SRC001,validation
ASB04_002677,1,SRC001,train
ASB04_002678,1,SRC013,train
ASB04_002679,1,SRC001,train
ASB04_002680,1,SRC009,train
ASB04_002681,1,SRC001,train
ASB04_002682,1,SRC001,train
ASB04_002683,1,SRC009,train
ASB04_002684,1,SRC002,train
ASB04_002685,1,SRC001,train
ASB04_002686,1,SRC001,train
ASB04_002687,1,SRC009,validation
ASB04_002688,1,SRC013,train
ASB04_002689,1,SRC010,train
ASB04_002690,1,SRC001,train
ASB04_002691,1,SRC012,train
ASB04_002692,1,SRC010,train
ASB04_002693,1,SRC001,train
ASB04_002694,1,SRC010,train
ASB04_002695,1,SRC010,test
ASB04_002696,1,SRC001,train
ASB04_002697,1,SRC001,test
ASB04_002698,1,SRC001,train
ASB04_002699,1,SRC001,train
ASB04_002700,1,SRC001,train
ASB04_002701,1,SRC001,train
ASB04_002702,1,SRC001,train
ASB04_002703,1,SRC005,validation
ASB04_002704,1,SRC010,train
ASB04_002705,1,SRC001,train
ASB04_002706,1,SRC010,train
ASB04_002707,1,SRC001,train
ASB04_002708,1,SRC001,train
ASB04_002709,1,SRC001,test
ASB04_002710,1,SRC010,train
ASB04_002711,1,SRC012,test
ASB04_002712,1,SRC009,test
ASB04_002713,1,SRC001,train
ASB04_002714,1,SRC010,train
ASB04_002715,1,SRC001,validation
ASB04_002716,1,SRC010,train
ASB04_002717,1,SRC010,train
ASB04_002718,1,SRC010,train
ASB04_002719,1,SRC009,train
ASB04_002720,1,SRC001,test
ASB04_002721,1,SRC010,train
ASB04_002722,1,SRC010,test
ASB04_002723,1,SRC001,train
ASB04_002724,1,SRC010,validation
ASB04_002725,1,SRC010,train
ASB04_002726,1,SRC010,test
ASB04_002727,1,SRC001,train
ASB04_002728,1,SRC001,validation
ASB04_002729,1,SRC010,train
ASB04_002730,1,SRC010,train
ASB04_002731,1,SRC001,train
ASB04_002732,1,SRC001,train
ASB04_002733,1,SRC001,train
ASB04_002734,1,SRC009,train
ASB04_002735,1,SRC001,train
ASB04_002736,1,SRC010,train
ASB04_002737,1,SRC010,train
ASB04_002738,1,SRC010,train
ASB04_002739,1,SRC010,train
ASB04_002740,1,SRC001,train
ASB04_002741,1,SRC010,train
ASB04_002742,1,SRC010,train
ASB04_002743,1,SRC001,train
ASB04_002744,1,SRC001,test
ASB04_002745,1,SRC001,train
ASB04_002746,1,SRC001,test
ASB04_002747,1,SRC001,train
ASB04_002748,1,SRC001,train
ASB04_002749,1,SRC006,train
ASB04_002750,1,SRC010,validation
ASB04_002751,1,SRC001,train
ASB04_002752,1,SRC010,train
ASB04_002753,1,SRC009,train
ASB04_002754,1,SRC002,train
ASB04_002755,1,SRC001,train
ASB04_002756,1,SRC010,train
ASB04_002757,1,SRC010,train
ASB04_002758,1,SRC001,test
ASB04_002759,1,SRC010,train
ASB04_002760,1,SRC005,train
ASB04_002761,1,SRC010,train
ASB04_002762,1,SRC009,train
ASB04_002763,1,SRC010,train
ASB04_002764,1,SRC001,test
ASB04_002765,1,SRC010,train
ASB04_002766,1,SRC010,test
ASB04_002767,1,SRC010,train
ASB04_002768,1,SRC001,test
ASB04_002769,1,SRC010,train
ASB04_002770,1,SRC001,train
ASB04_002771,1,SRC010,train
ASB04_002772,1,SRC010,train
ASB04_002773,1,SRC001,test
ASB04_002774,1,SRC010,validation
ASB04_002775,1,SRC001,test
ASB04_002776,1,SRC001,train
ASB04_002777,1,SRC009,train
ASB04_002778,1,SRC001,train
ASB04_002779,1,SRC010,train
ASB04_002780,1,SRC001,train
ASB04_002781,1,SRC001,test
ASB04_002782,1,SRC010,train
ASB04_002783,1,SRC010,train
ASB04_002784,1,SRC009,test
ASB04_002785,1,SRC010,train
ASB04_002786,1,SRC001,validation
ASB04_002787,1,SRC010,train
ASB04_002788,1,SRC001,test
ASB04_002789,1,SRC010,test
ASB04_002790,1,SRC002,train
ASB04_002791,1,SRC006,train
ASB04_002792,1,SRC010,validation
ASB04_002793,1,SRC001,validation
ASB04_002794,1,SRC010,train
ASB04_002795,1,SRC001,train
ASB04_002796,1,SRC001,train
ASB04_002797,1,SRC001,train
ASB04_002798,1,SRC006,train
ASB04_002799,1,SRC001,validation
ASB04_002800,1,SRC010,train
ASB04_002801,1,SRC001,test
ASB04_002802,1,SRC012,test
ASB04_002803,1,SRC001,train
ASB04_002804,1,SRC005,validation
ASB04_002805,1,SRC001,train
ASB04_002806,1,SRC001,train
ASB04_002807,1,SRC001,train
ASB04_002808,1,SRC001,train
ASB04_002809,1,SRC001,test
ASB04_002810,1,SRC009,train
ASB04_002811,1,SRC001,validation
ASB04_002812,1,SRC001,train
ASB04_002813,1,SRC001,train
ASB04_002814,1,SRC001,validation
ASB04_002815,1,SRC010,train
ASB04_002816,1,SRC010,train
ASB04_002817,1,SRC009,train
ASB04_002818,1,SRC001,test
ASB04_002819,1,SRC001,train
ASB04_002820,1,SRC011,validation
ASB04_002821,1,SRC010,train
ASB04_002822,1,SRC009,train
ASB04_002823,1,SRC012,validation
ASB04_002824,1,SRC010,test
ASB04_002825,1,SRC010,train
ASB04_002826,1,SRC001,train
ASB04_002827,1,SRC001,train
ASB04_002828,1,SRC001,train
ASB04_002829,1,SRC010,test
ASB04_002830,1,SRC010,train
ASB04_002831,1,SRC001,train
ASB04_002832,1,SRC001,test
ASB04_002833,1,SRC001,test
ASB04_002834,1,SRC010,train
ASB04_002835,1,SRC001,validation
ASB04_002836,1,SRC001,train
ASB04_002837,1,SRC009,train
ASB04_002838,1,SRC010,test
ASB04_002839,1,SRC001,test
ASB04_002840,1,SRC010,test
ASB04_002841,1,SRC010,train
ASB04_002842,1,SRC002,test
ASB04_002843,1,SRC006,train
ASB04_002844,1,SRC010,train
ASB04_002845,1,SRC001,train
ASB04_002846,1,SRC010,train
ASB04_002847,1,SRC001,train
ASB04_002848,1,SRC010,train
ASB04_002849,1,SRC010,train
ASB04_002850,1,SRC009,test
ASB04_002851,1,SRC001,train
ASB04_002852,1,SRC010,train
ASB04_002853,1,SRC009,train
ASB04_002854,1,SRC010,train
ASB04_002855,1,SRC001,train
ASB04_002856,1,SRC001,train
ASB04_002857,1,SRC010,test
ASB04_002858,1,SRC001,test
ASB04_002859,1,SRC010,train
ASB04_002860,1,SRC009,train
ASB04_002861,1,SRC001,train
ASB04_002862,1,SRC001,train
ASB04_002863,1,SRC001,train
ASB04_002864,1,SRC010,train
ASB04_002865,1,SRC011,train
ASB04_002866,1,SRC010,train
ASB04_002867,1,SRC010,test
ASB04_002868,1,SRC010,train
ASB04_002869,1,SRC001,train
ASB04_002870,1,SRC001,train
ASB04_002871,1,SRC010,train
ASB04_002872,1,SRC010,test
ASB04_002873,1,SRC001,train
ASB04_002874,1,SRC010,validation
ASB04_002875,1,SRC001,train
ASB04_002876,1,SRC013,train
ASB04_002877,1,SRC001,train
ASB04_002878,1,SRC009,train
ASB04_002879,1,SRC012,train
ASB04_002880,1,SRC010,train
ASB04_002881,1,SRC010,train
ASB04_002882,1,SRC010,train
ASB04_002883,1,SRC001,train
ASB04_002884,1,SRC010,train
ASB04_002885,1,SRC001,train
ASB04_002886,1,SRC001,train
ASB04_002887,1,SRC010,train
ASB04_002888,1,SRC010,train
ASB04_002889,1,SRC001,train
ASB04_002890,1,SRC013,train
ASB04_002891,1,SRC001,train
ASB04_002892,1,SRC010,train
ASB04_002893,1,SRC013,train
ASB04_002894,1,SRC010,train
ASB04_002895,1,SRC010,train
ASB04_002896,1,SRC010,test
ASB04_002897,1,SRC013,train
ASB04_002898,1,SRC001,train
ASB04_002899,1,SRC009,train
ASB04_002900,1,SRC001,train
ASB04_002901,1,SRC001,train
ASB04_002902,1,SRC001,test
ASB04_002903,1,SRC009,train
ASB04_002904,1,SRC001,train
ASB04_002905,1,SRC009,train
ASB04_002906,1,SRC010,train
ASB04_002907,1,SRC001,train
ASB04_002908,1,SRC013,train
ASB04_002909,1,SRC001,train
ASB04_002910,1,SRC001,test
ASB04_002911,1,SRC009,train
ASB04_002912,1,SRC001,train
ASB04_002913,1,SRC010,train
ASB04_002914,1,SRC010,train
ASB04_002915,1,SRC010,train
ASB04_002916,1,SRC012,train
ASB04_002917,1,SRC013,test
ASB04_002918,1,SRC010,train
ASB04_002919,1,SRC010,train
ASB04_002920,1,SRC010,train
ASB04_002921,1,SRC001,train
ASB04_002922,1,SRC010,train
ASB04_002923,1,SRC010,train
ASB04_002924,1,SRC010,train
ASB04_002925,1,SRC010,validation
ASB04_002926,1,SRC001,train
ASB04_002927,1,SRC001,train
ASB04_002928,1,SRC010,train
ASB04_002929,1,SRC010,test
ASB04_002930,1,SRC001,train
ASB04_002931,1,SRC010,train
ASB04_002932,1,SRC001,train
ASB04_002933,1,SRC010,train
ASB04_002934,1,SRC010,train
ASB04_002935,1,SRC001,train
ASB04_002936,1,SRC010,train
ASB04_002937,1,SRC001,test
ASB04_002938,1,SRC001,train
ASB04_002939,1,SRC010,train
ASB04_002940,1,SRC001,train
ASB04_002941,1,SRC013,validation
ASB04_002942,1,SRC010,train
ASB04_002943,1,SRC001,train
ASB04_002944,1,SRC010,train
ASB04_002945,1,SRC009,train
ASB04_002946,1,SRC010,train
ASB04_002947,1,SRC009,test
ASB04_002948,1,SRC013,test
ASB04_002949,1,SRC004,train
ASB04_002950,1,SRC010,test
ASB04_002951,1,SRC009,train
ASB04_002952,1,SRC001,test
ASB04_002953,1,SRC010,train
ASB04_002954,1,SRC001,test
ASB04_002955,1,SRC001,train
ASB04_002956,1,SRC001,train
ASB04_002957,1,SRC010,train
ASB04_002958,1,SRC010,train
ASB04_002959,1,SRC001,test
ASB04_002960,1,SRC010,validation
ASB04_002961,1,SRC001,train
ASB04_002962,1,SRC010,train
ASB04_002963,1,SRC001,test
ASB04_002964,1,SRC001,train
ASB04_002965,1,SRC010,test
ASB04_002966,1,SRC001,train
ASB04_002967,1,SRC010,train
ASB04_002968,1,SRC010,train
ASB04_002969,1,SRC001,train
ASB04_002970,1,SRC010,train
ASB04_002971,1,SRC009,train
ASB04_002972,1,SRC009,validation
ASB04_002973,1,SRC010,test
ASB04_002974,1,SRC010,train
ASB04_002975,1,SRC010,test
ASB04_002976,1,SRC001,train
ASB04_002977,1,SRC010,validation
ASB04_002978,1,SRC009,train
ASB04_002979,1,SRC001,validation
ASB04_002980,1,SRC010,test
ASB04_002981,1,SRC001,validation
ASB04_002982,1,SRC010,train
ASB04_002983,1,SRC010,train
ASB04_002984,1,SRC009,train
ASB04_002985,1,SRC006,train
ASB04_002986,1,SRC010,train
ASB04_002987,1,SRC001,train
ASB04_002988,1,SRC010,train
ASB04_002989,1,SRC010,train
ASB04_002990,1,SRC010,validation
ASB04_002991,1,SRC010,test
ASB04_002992,1,SRC010,train
ASB04_002993,1,SRC010,train
ASB04_002994,1,SRC001,test
ASB04_002995,1,SRC013,train
ASB04_002996,1,SRC010,train
ASB04_002997,1,SRC006,train
ASB04_002998,1,SRC001,train
ASB04_002999,1,SRC009,test
ASB04_003000,1,SRC002,train
ASB04_003001,1,SRC001,train
ASB04_003002,1,SRC001,train
ASB04_003003,1,SRC001,train
ASB04_003004,1,SRC010,train
ASB04_003005,1,SRC009,test
ASB04_003006,1,SRC009,train
ASB04_003007,1,SRC010,train
ASB04_003008,1,SRC010,train
ASB04_003009,1,SRC001,validation
ASB04_003010,1,SRC001,test
ASB04_003011,1,SRC012,train
ASB04_003012,1,SRC001,train
ASB04_003013,1,SRC001,train
ASB04_003014,1,SRC001,validation
ASB04_003015,1,SRC001,train
ASB04_003016,1,SRC001,train
ASB04_003017,1,SRC012,train
ASB04_003018,1,SRC001,train
ASB04_003019,1,SRC001,train
ASB04_003020,1,SRC001,train
ASB04_003021,1,SRC010,train
ASB04_003022,1,SRC004,train
ASB04_003023,1,SRC009,train
ASB04_003024,1,SRC013,train
ASB04_003025,1,SRC010,train
ASB04_003026,1,SRC001,train
ASB04_003027,1,SRC001,train
ASB04_003028,1,SRC010,train
ASB04_003029,1,SRC010,train
ASB04_003030,1,SRC010,test
ASB04_003031,1,SRC001,validation
ASB04_003032,1,SRC001,train
ASB04_003033,1,SRC001,train
ASB04_003034,1,SRC010,train
ASB04_003035,1,SRC010,train
ASB04_003036,1,SRC001,train
ASB04_003037,1,SRC001,test
ASB04_003038,1,SRC001,train
ASB04_003039,1,SRC010,train
ASB04_003040,1,SRC001,train
ASB04_003041,1,SRC010,train
ASB04_003042,1,SRC010,train
ASB04_003043,1,SRC001,test
ASB04_003044,1,SRC010,train
ASB04_003045,1,SRC001,train
ASB04_003046,1,SRC010,train
ASB04_003047,1,SRC001,test
ASB04_003048,1,SRC001,train
ASB04_003049,1,SRC009,test
ASB04_003050,1,SRC001,train
ASB04_003051,1,SRC010,train
ASB04_003052,1,SRC009,train
ASB04_003053,1,SRC010,validation
ASB04_003054,1,SRC010,train
ASB04_003055,1,SRC001,validation
ASB04_003056,1,SRC010,train
ASB04_003057,1,SRC010,train
ASB04_003058,1,SRC009,train
ASB04_003059,1,SRC001,train
ASB04_003060,1,SRC010,train
ASB04_003061,1,SRC009,train
ASB04_003062,1,SRC010,test
ASB04_003063,1,SRC001,test
ASB04_003064,1,SRC009,train
ASB04_003065,1,SRC001,train
ASB04_003066,1,SRC010,train
ASB04_003067,1,SRC001,train
ASB04_003068,1,SRC001,train
ASB04_003069,1,SRC001,train
ASB04_003070,1,SRC009,test
ASB04_003071,1,SRC010,train
ASB04_003072,1,SRC001,train
ASB04_003073,1,SRC001,test
ASB04_003074,1,SRC001,train
ASB04_003075,1,SRC010,train
ASB04_003076,1,SRC010,validation
ASB04_003077,1,SRC001,train
ASB04_003078,1,SRC010,train
ASB04_003079,1,SRC001,train
ASB04_003080,1,SRC010,train
ASB04_003081,1,SRC010,train
ASB04_003082,1,SRC004,test
ASB04_003083,1,SRC001,train
ASB04_003084,1,SRC001,test
ASB04_003085,1,SRC001,test
ASB04_003086,1,SRC009,train
ASB04_003087,1,SRC010,train
ASB04_003088,1,SRC010,train
ASB04_003089,1,SRC001,validation
ASB04_003090,1,SRC010,train
ASB04_003091,1,SRC009,train
ASB04_003092,1,SRC010,train
ASB04_003093,1,SRC009,train
ASB04_003094,1,SRC009,test
ASB04_003095,1,SRC009,train
ASB04_003096,1,SRC001,train
ASB04_003097,1,SRC001,train
ASB04_003098,1,SRC001,train
ASB04_003099,1,SRC013,train
ASB04_003100,1,SRC001,train
ASB04_003101,1,SRC001,train
ASB04_003102,1,SRC009,train
ASB04_003103,1,SRC010,train
ASB04_003104,1,SRC010,train
ASB04_003105,1,SRC009,validation
ASB04_003106,1,SRC001,train
ASB04_003107,1,SRC001,train
ASB04_003108,1,SRC006,train
ASB04_003109,1,SRC010,train
ASB04_003110,1,SRC009,test
ASB04_003111,1,SRC001,train
ASB04_003112,1,SRC010,train
ASB04_003113,1,SRC010,validation
ASB04_003114,1,SRC010,train
ASB04_003115,1,SRC001,train
ASB04_003116,1,SRC010,validation
ASB04_003117,1,SRC001,test
ASB04_003118,1,SRC010,train
ASB04_003119,1,SRC009,train
ASB04_003120,1,SRC009,validation
ASB04_003121,1,SRC010,train
ASB04_003122,1,SRC001,train
ASB04_003123,1,SRC012,train
ASB04_003124,1,SRC010,train
ASB04_003125,1,SRC001,train
ASB04_003126,1,SRC001,train
ASB04_003127,1,SRC010,train
ASB04_003128,1,SRC004,train
ASB04_003129,1,SRC001,train
ASB04_003130,1,SRC010,train
ASB04_003131,1,SRC001,train
ASB04_003132,1,SRC010,train
ASB04_003133,1,SRC001,train
ASB04_003134,1,SRC009,train
ASB04_003135,1,SRC010,validation
ASB04_003136,1,SRC001,train
ASB04_003137,1,SRC010,test
ASB04_003138,1,SRC010,test
ASB04_003139,1,SRC009,validation
ASB04_003140,1,SRC010,train
ASB04_003141,1,SRC010,test
ASB04_003142,1,SRC009,test
ASB04_003143,1,SRC001,train
ASB04_003144,1,SRC001,train
ASB04_003145,1,SRC002,train
ASB04_003146,1,SRC001,train
ASB04_003147,1,SRC009,train
ASB04_003148,1,SRC009,train
ASB04_003149,1,SRC010,train
ASB04_003150,1,SRC010,train
ASB04_003151,1,SRC010,train
ASB04_003152,1,SRC001,train
ASB04_003153,1,SRC001,train
ASB04_003154,1,SRC001,train
ASB04_003155,1,SRC001,train
ASB04_003156,1,SRC001,validation
ASB04_003157,1,SRC002,test
ASB04_003158,1,SRC002,validation
ASB04_003159,1,SRC012,test
ASB04_003160,1,SRC010,train
ASB04_003161,1,SRC001,train
ASB04_003162,1,SRC002,train
ASB04_003163,1,SRC010,test
ASB04_003164,1,SRC010,train
ASB04_003165,1,SRC001,train
ASB04_003166,1,SRC001,train
ASB04_003167,1,SRC010,train
ASB04_003168,1,SRC010,test
ASB04_003169,1,SRC001,validation
ASB04_003170,1,SRC009,train
ASB04_003171,1,SRC001,test
ASB04_003172,1,SRC001,test
ASB04_003173,1,SRC010,train
ASB04_003174,1,SRC001,validation
ASB04_003175,1,SRC001,train
ASB04_003176,1,SRC001,test
ASB04_003177,1,SRC002,train
ASB04_003178,1,SRC001,train
ASB04_003179,1,SRC001,train
ASB04_003180,1,SRC010,train
ASB04_003181,1,SRC010,test
ASB04_003182,1,SRC010,train
ASB04_003183,1,SRC009,train
ASB04_003184,1,SRC010,train
ASB04_003185,1,SRC001,train
ASB04_003186,1,SRC001,train
ASB04_003187,1,SRC001,train
ASB04_003188,1,SRC001,train
ASB04_003189,1,SRC001,train
ASB04_003190,1,SRC009,test
ASB04_003191,1,SRC001,test
ASB04_003192,1,SRC001,validation
ASB04_003193,1,SRC001,train
ASB04_003194,1,SRC001,train
ASB04_003195,1,SRC009,train
ASB04_003196,1,SRC001,train
ASB04_003197,1,SRC002,train
ASB04_003198,1,SRC001,test
ASB04_003199,1,SRC010,validation
ASB04_003200,1,SRC010,train
ASB04_003201,1,SRC001,validation
ASB04_003202,1,SRC010,test
ASB04_003203,1,SRC001,train
ASB04_003204,1,SRC001,train
ASB04_003205,1,SRC002,train
ASB04_003206,1,SRC002,train
ASB04_003207,1,SRC010,train
ASB04_003208,1,SRC010,train
ASB04_003209,1,SRC009,train
ASB04_003210,1,SRC001,train
ASB04_003211,1,SRC001,train
ASB04_003212,1,SRC010,validation
ASB04_003213,1,SRC001,validation
ASB04_003214,1,SRC010,train
ASB04_003215,1,SRC001,train
ASB04_003216,1,SRC010,test
ASB04_003217,1,SRC010,train
ASB04_003218,1,SRC002,train
ASB04_003219,1,SRC010,validation
ASB04_003220,1,SRC001,test
ASB04_003221,1,SRC001,validation
ASB04_003222,1,SRC013,train
ASB04_003223,1,SRC001,test
ASB04_003224,1,SRC012,train
ASB04_003225,1,SRC001,train
ASB04_003226,1,SRC010,train
ASB04_003227,1,SRC001,train
ASB04_003228,1,SRC010,validation
ASB04_003229,1,SRC010,train
ASB04_003230,1,SRC001,test
ASB04_003231,1,SRC001,train
ASB04_003232,1,SRC001,train
ASB04_003233,1,SRC001,validation
ASB04_003234,1,SRC001,train
ASB04_003235,1,SRC001,test
ASB04_003236,1,SRC001,train
ASB04_003237,1,SRC009,validation
ASB04_003238,1,SRC001,test
ASB04_003239,1,SRC001,train
ASB04_003240,1,SRC009,test
ASB04_003241,1,SRC010,test
ASB04_003242,1,SRC006,train
ASB04_003243,1,SRC010,train
ASB04_003244,1,SRC001,test
ASB04_003245,1,SRC001,train
ASB04_003246,1,SRC010,train
ASB04_003247,1,SRC010,train
ASB04_003248,1,SRC010,test
ASB04_003249,1,SRC001,train
ASB04_003250,1,SRC010,train
ASB04_003251,1,SRC001,test
ASB04_003252,1,SRC010,train
ASB04_003253,1,SRC010,test
ASB04_003254,1,SRC001,test
ASB04_003255,1,SRC001,train
ASB04_003256,1,SRC010,train
ASB04_003257,1,SRC009,train
ASB04_003258,1,SRC010,train
ASB04_003259,1,SRC001,train
ASB04_003260,1,SRC002,validation
ASB04_003261,1,SRC010,train
ASB04_003262,1,SRC010,train
ASB04_003263,1,SRC013,train
ASB04_003264,1,SRC010,train
ASB04_003265,1,SRC009,test
ASB04_003266,1,SRC010,train
ASB04_003267,1,SRC001,train
ASB04_003268,1,SRC010,test
ASB04_003269,1,SRC001,train
ASB04_003270,1,SRC009,train
ASB04_003271,1,SRC010,validation
ASB04_003272,1,SRC001,test
ASB04_003273,1,SRC001,train
ASB04_003274,1,SRC001,test
ASB04_003275,1,SRC001,train
ASB04_003276,1,SRC001,test
ASB04_003277,1,SRC001,test
ASB04_003278,1,SRC013,test
ASB04_003279,1,SRC010,train
ASB04_003280,1,SRC010,train
ASB04_003281,1,SRC009,train
ASB04_003282,1,SRC001,train
ASB04_003283,1,SRC001,train
ASB04_003284,1,SRC001,train
ASB04_003285,1,SRC013,train
ASB04_003286,1,SRC001,test
ASB04_003287,1,SRC001,train
ASB04_003288,1,SRC004,test
ASB04_003289,1,SRC009,train
ASB04_003290,1,SRC001,train
ASB04_003291,1,SRC010,train
ASB04_003292,1,SRC001,test
ASB04_003293,1,SRC009,test
ASB04_003294,1,SRC001,train
ASB04_003295,1,SRC010,test
ASB04_003296,1,SRC009,train
ASB04_003297,1,SRC010,train
ASB04_003298,1,SRC009,train
ASB04_003299,1,SRC010,train
ASB04_003300,1,SRC001,train
ASB04_003301,1,SRC001,validation
ASB04_003302,1,SRC001,train
ASB04_003303,1,SRC004,test
ASB04_003304,1,SRC010,train
ASB04_003305,1,SRC010,train
ASB04_003306,1,SRC009,train
ASB04_003307,1,SRC001,test
ASB04_003308,1,SRC001,train
ASB04_003309,1,SRC010,train
ASB04_003310,1,SRC001,train
ASB04_003311,1,SRC012,train
ASB04_003312,1,SRC009,test
ASB04_003313,1,SRC010,train
ASB04_003314,1,SRC001,validation
ASB04_003315,1,SRC001,train
ASB04_003316,1,SRC001,train
ASB04_003317,1,SRC010,train
ASB04_003318,1,SRC001,train
ASB04_003319,1,SRC001,test
ASB04_003320,1,SRC001,train
ASB04_003321,1,SRC002,train
ASB04_003322,1,SRC009,test
ASB04_003323,1,SRC010,train
ASB04_003324,1,SRC001,test
ASB04_003325,1,SRC001,train
ASB04_003326,1,SRC013,train
ASB04_003327,1,SRC001,test
ASB04_003328,1,SRC001,train
ASB04_003329,1,SRC001,train
ASB04_003330,1,SRC010,train
ASB04_003331,1,SRC010,train
ASB04_003332,1,SRC010,test
ASB04_003333,1,SRC010,train
ASB04_003334,1,SRC001,train
ASB04_003335,1,SRC001,train
ASB04_003336,1,SRC010,train
ASB04_003337,1,SRC001,test
ASB04_003338,1,SRC009,train
ASB04_003339,1,SRC009,train
ASB04_003340,1,SRC001,test
ASB04_003341,1,SRC010,train
ASB04_003342,1,SRC001,train
ASB04_003343,1,SRC001,train
ASB04_003344,1,SRC009,train
ASB04_003345,1,SRC009,train
ASB04_003346,1,SRC013,train
ASB04_003347,1,SRC010,train
ASB04_003348,1,SRC001,train
ASB04_003349,1,SRC010,test
ASB04_003350,1,SRC009,train
ASB04_003351,1,SRC001,train
ASB04_003352,1,SRC010,test
ASB04_003353,1,SRC001,train
ASB04_003354,1,SRC010,train
ASB04_003355,1,SRC010,validation
ASB04_003356,1,SRC010,train
ASB04_003357,1,SRC001,train
ASB04_003358,1,SRC001,train
ASB04_003359,1,SRC001,train
ASB04_003360,1,SRC010,test
ASB04_003361,1,SRC010,train
ASB04_003362,1,SRC010,test
ASB04_003363,1,SRC010,train
ASB04_003364,1,SRC010,validation
ASB04_003365,1,SRC009,train
ASB04_003366,1,SRC010,train
ASB04_003367,1,SRC001,train
ASB04_003368,1,SRC001,train
ASB04_003369,1,SRC010,train
ASB04_003370,1,SRC001,train
ASB04_003371,1,SRC001,train
ASB04_003372,1,SRC009,train
ASB04_003373,1,SRC010,validation
ASB04_003374,1,SRC002,test
ASB04_003375,1,SRC010,validation
ASB04_003376,1,SRC002,train
ASB04_003377,1,SRC001,train
ASB04_003378,1,SRC010,train
ASB04_003379,1,SRC010,train
ASB04_003380,1,SRC011,train
ASB04_003381,1,SRC010,train
ASB04_003382,1,SRC001,train
ASB04_003383,1,SRC010,train
ASB04_003384,1,SRC001,train
ASB04_003385,1,SRC001,test
ASB04_003386,1,SRC001,train
ASB04_003387,1,SRC001,test
ASB04_003388,1,SRC010,train
ASB04_003389,1,SRC001,validation
ASB04_003390,1,SRC006,train
ASB04_003391,1,SRC010,validation
ASB04_003392,1,SRC010,train
ASB04_003393,1,SRC010,train
ASB04_003394,1,SRC001,train
ASB04_003395,1,SRC001,train
ASB04_003396,1,SRC010,train
ASB04_003397,1,SRC010,train
ASB04_003398,1,SRC001,train
ASB04_003399,1,SRC010,test
ASB04_003400,1,SRC001,train
ASB04_003401,1,SRC001,train
ASB04_003402,1,SRC010,train
ASB04_003403,1,SRC001,test
ASB04_003404,1,SRC010,test
ASB04_003405,1,SRC010,train
ASB04_003406,1,SRC009,train
ASB04_003407,1,SRC010,train
ASB04_003408,1,SRC001,validation
ASB04_003409,1,SRC010,validation
ASB04_003410,1,SRC001,train
ASB04_003411,1,SRC001,train
ASB04_003412,1,SRC001,train
ASB04_003413,1,SRC013,train
ASB04_003414,1,SRC001,train
ASB04_003415,1,SRC001,test
ASB04_003416,1,SRC010,test
ASB04_003417,1,SRC001,train
ASB04_003418,1,SRC001,train
ASB04_003419,1,SRC001,train
ASB04_003420,1,SRC001,train
ASB04_003421,1,SRC001,test
ASB04_003422,1,SRC010,validation
ASB04_003423,1,SRC010,train
ASB04_003424,1,SRC010,test
ASB04_003425,1,SRC001,train
ASB04_003426,1,SRC012,test
ASB04_003427,1,SRC004,test
ASB04_003428,1,SRC009,train
ASB04_003429,1,SRC006,train
ASB04_003430,1,SRC010,train
ASB04_003431,1,SRC001,test
ASB04_003432,1,SRC001,test
ASB04_003433,1,SRC001,train
ASB04_003434,1,SRC001,train
ASB04_003435,1,SRC009,train
ASB04_003436,1,SRC001,test
ASB04_003437,1,SRC001,train
ASB04_003438,1,SRC010,train
ASB04_003439,1,SRC002,train
ASB04_003440,1,SRC010,train
ASB04_003441,1,SRC010,train
ASB04_003442,1,SRC010,train
ASB04_003443,1,SRC010,train
ASB04_003444,1,SRC001,train
ASB04_003445,1,SRC001,train
ASB04_003446,1,SRC001,train
ASB04_003447,1,SRC010,train
ASB04_003448,1,SRC001,test
ASB04_003449,1,SRC001,train
ASB04_003450,1,SRC010,test
ASB04_003451,1,SRC010,test
ASB04_003452,1,SRC001,test
ASB04_003453,1,SRC001,train
ASB04_003454,1,SRC001,train
ASB04_003455,1,SRC001,train
ASB04_003456,1,SRC010,train
ASB04_003457,1,SRC001,validation
ASB04_003458,1,SRC001,train
ASB04_003459,1,SRC009,train
ASB04_003460,1,SRC010,train
ASB04_003461,1,SRC001,train
ASB04_003462,1,SRC002,train
ASB04_003463,1,SRC010,test
ASB04_003464,1,SRC001,train
ASB04_003465,1,SRC009,train
ASB04_003466,1,SRC010,train
ASB04_003467,1,SRC010,train
ASB04_003468,1,SRC001,train
ASB04_003469,1,SRC010,test
ASB04_003470,1,SRC002,train
ASB04_003471,1,SRC001,train
ASB04_003472,1,SRC001,validation
ASB04_003473,1,SRC001,train
ASB04_003474,1,SRC012,train
ASB04_003475,1,SRC010,train
ASB04_003476,1,SRC010,train
ASB04_003477,1,SRC010,train
ASB04_003478,1,SRC001,train
ASB04_003479,1,SRC010,train
ASB04_003480,1,SRC009,train
ASB04_003481,1,SRC001,train
ASB04_003482,1,SRC001,train
ASB04_003483,1,SRC010,train
ASB04_003484,1,SRC010,test
ASB04_003485,1,SRC010,train
ASB04_003486,1,SRC010,train
ASB04_003487,1,SRC010,train
ASB04_003488,1,SRC006,train
ASB04_003489,1,SRC002,test
ASB04_003490,1,SRC001,test
ASB04_003491,1,SRC010,validation
ASB04_003492,1,SRC010,train
ASB04_003493,1,SRC010,test
ASB04_003494,1,SRC006,validation
ASB04_003495,1,SRC009,test
ASB04_003496,1,SRC001,train
ASB04_003497,1,SRC001,train
ASB04_003498,1,SRC001,train
ASB04_003499,1,SRC010,train
ASB04_003500,1,SRC001,validation
ASB04_003501,1,SRC001,test
ASB04_003502,1,SRC013,train
ASB04_003503,1,SRC010,train
ASB04_003504,1,SRC010,train
ASB04_003505,1,SRC010,train
ASB04_003506,1,SRC001,train
ASB04_003507,1,SRC001,test
ASB04_003508,1,SRC001,train
ASB04_003509,1,SRC010,train
ASB04_003510,1,SRC009,train
ASB04_003511,1,SRC001,train
ASB04_003512,1,SRC010,train
ASB04_003513,1,SRC001,test
ASB04_003514,1,SRC010,train
ASB04_003515,1,SRC010,train
ASB04_003516,1,SRC009,train
ASB04_003517,1,SRC013,test
ASB04_003518,1,SRC001,train
ASB04_003519,1,SRC001,train
ASB04_003520,1,SRC010,train
ASB04_003521,1,SRC010,train
ASB04_003522,1,SRC013,train
ASB04_003523,1,SRC010,train
ASB04_003524,1,SRC010,test
ASB04_003525,1,SRC001,train
ASB04_003526,1,SRC001,test
ASB04_003527,1,SRC010,train
ASB04_003528,1,SRC010,train
ASB04_003529,1,SRC001,train
ASB04_003530,1,SRC001,train
ASB04_003531,1,SRC001,train
ASB04_003532,1,SRC001,train
ASB04_003533,1,SRC006,train
ASB04_003534,1,SRC012,train
ASB04_003535,1,SRC010,train
ASB04_003536,1,SRC001,train
ASB04_003537,1,SRC001,test
ASB04_003538,1,SRC001,validation
ASB04_003539,1,SRC010,train
ASB04_003540,1,SRC010,train
ASB04_003541,1,SRC010,train
ASB04_003542,1,SRC010,train
ASB04_003543,1,SRC010,train
ASB04_003544,1,SRC010,train
ASB04_003545,1,SRC010,train
ASB04_003546,1,SRC010,train
ASB04_003547,1,SRC010,test
ASB04_003548,1,SRC004,test
ASB04_003549,1,SRC001,train
ASB04_003550,1,SRC010,train
ASB04_003551,1,SRC010,train
ASB04_003552,1,SRC001,validation
ASB04_003553,1,SRC001,train
ASB04_003554,1,SRC001,train
ASB04_003555,1,SRC010,train
ASB04_003556,1,SRC001,train
ASB04_003557,1,SRC001,train
ASB04_003558,1,SRC013,test
ASB04_003559,1,SRC010,train
ASB04_003560,1,SRC010,test
ASB04_003561,1,SRC010,validation
ASB04_003562,1,SRC001,train
ASB04_003563,1,SRC010,test
ASB04_003564,1,SRC001,validation
ASB04_003565,1,SRC001,train
ASB04_003566,1,SRC009,validation
ASB04_003567,1,SRC001,train
ASB04_003568,1,SRC001,train
ASB04_003569,1,SRC010,train
ASB04_003570,1,SRC010,train
ASB04_003571,1,SRC009,train
ASB04_003572,1,SRC001,train
ASB04_003573,1,SRC010,train
ASB04_003574,1,SRC001,train
ASB04_003575,1,SRC010,train
ASB04_003576,1,SRC001,test
ASB04_003577,1,SRC001,test
ASB04_003578,1,SRC009,train
ASB04_003579,1,SRC001,train
ASB04_003580,1,SRC001,train
ASB04_003581,1,SRC001,train
ASB04_003582,1,SRC010,train
ASB04_003583,1,SRC010,train
ASB04_003584,1,SRC010,test
ASB04_003585,1,SRC001,train
ASB04_003586,1,SRC009,validation
ASB04_003587,1,SRC010,test
ASB04_003588,1,SRC001,train
ASB04_003589,1,SRC001,test
ASB04_003590,1,SRC001,train
ASB04_003591,1,SRC010,train
ASB04_003592,1,SRC010,train
ASB04_003593,1,SRC010,train
ASB04_003594,1,SRC001,train
ASB04_003595,1,SRC001,train
ASB04_003596,1,SRC001,train
ASB04_003597,1,SRC013,test
ASB04_003598,1,SRC001,train
ASB04_003599,1,SRC010,train
ASB04_003600,1,SRC001,test
ASB04_003601,1,SRC001,train
ASB04_003602,1,SRC010,train
ASB04_003603,1,SRC001,test
ASB04_003604,1,SRC001,test
ASB04_003605,1,SRC010,test
ASB04_003606,1,SRC010,train
ASB04_003607,1,SRC001,test
ASB04_003608,1,SRC010,test
ASB04_003609,1,SRC001,train
ASB04_003610,1,SRC001,train
ASB04_003611,1,SRC009,test
ASB04_003612,1,SRC001,train
ASB04_003613,1,SRC001,train
ASB04_003614,1,SRC001,test
ASB04_003615,1,SRC002,train
ASB04_003616,1,SRC010,train
ASB04_003617,1,SRC010,train
ASB04_003618,1,SRC010,train
ASB04_003619,1,SRC012,test
ASB04_003620,1,SRC010,test
ASB04_003621,1,SRC001,train
ASB04_003622,1,SRC002,train
ASB04_003623,1,SRC009,test
ASB04_003624,1,SRC009,train
ASB04_003625,1,SRC001,train
ASB04_003626,1,SRC001,train
ASB04_003627,1,SRC012,train
ASB04_003628,1,SRC010,train
ASB04_003629,1,SRC001,test
ASB04_003630,1,SRC001,test
ASB04_003631,1,SRC010,test
ASB04_003632,1,SRC001,validation
ASB04_003633,1,SRC001,test
ASB04_003634,1,SRC009,train
ASB04_003635,1,SRC001,test
ASB04_003636,1,SRC012,train
ASB04_003637,1,SRC010,train
ASB04_003638,1,SRC009,test
ASB04_003639,1,SRC001,validation
ASB04_003640,1,SRC001,train
ASB04_003641,1,SRC010,train
ASB04_003642,1,SRC001,train
ASB04_003643,1,SRC010,test
ASB04_003644,1,SRC001,train
ASB04_003645,1,SRC001,test
ASB04_003646,1,SRC010,validation
ASB04_003647,1,SRC010,train
ASB04_003648,1,SRC001,train
ASB04_003649,1,SRC009,test
ASB04_003650,1,SRC001,train
ASB04_003651,1,SRC001,test
ASB04_003652,1,SRC010,train
ASB04_003653,1,SRC001,validation
ASB04_003654,1,SRC001,train
ASB04_003655,1,SRC001,train
ASB04_003656,1,SRC010,test
ASB04_003657,1,SRC010,train
ASB04_003658,1,SRC001,validation
ASB04_003659,1,SRC010,train
ASB04_003660,1,SRC001,validation
ASB04_003661,1,SRC010,train
ASB04_003662,1,SRC001,train
ASB04_003663,1,SRC001,train
ASB04_003664,1,SRC001,validation
ASB04_003665,1,SRC010,validation
ASB04_003666,1,SRC001,train
ASB04_003667,1,SRC001,train
ASB04_003668,1,SRC010,validation
ASB04_003669,1,SRC001,train
ASB04_003670,1,SRC010,test
ASB04_003671,1,SRC009,validation
ASB04_003672,1,SRC010,test
ASB04_003673,1,SRC001,train
ASB04_003674,1,SRC010,train
ASB04_003675,1,SRC010,test
ASB04_003676,1,SRC001,test
ASB04_003677,1,SRC001,train
ASB04_003678,1,SRC001,train
ASB04_003679,1,SRC010,test
ASB04_003680,1,SRC010,test
ASB04_003681,1,SRC001,train
ASB04_003682,1,SRC010,train
ASB04_003683,1,SRC001,train
ASB04_003684,1,SRC010,train
ASB04_003685,1,SRC010,train
ASB04_003686,1,SRC001,train
ASB04_003687,1,SRC001,train
ASB04_003688,1,SRC002,train
ASB04_003689,1,SRC012,train
ASB04_003690,1,SRC001,train
ASB04_003691,1,SRC001,validation
ASB04_003692,1,SRC010,test
ASB04_003693,1,SRC001,train
ASB04_003694,1,SRC009,train
ASB04_003695,1,SRC010,validation
ASB04_003696,1,SRC010,train
ASB04_003697,1,SRC010,test
ASB04_003698,1,SRC010,test
ASB04_003699,1,SRC001,train
ASB04_003700,1,SRC010,test
ASB04_003701,1,SRC011,validation
ASB04_003702,1,SRC001,test
ASB04_003703,1,SRC010,validation
ASB04_003704,1,SRC001,train
ASB04_003705,1,SRC010,train
ASB04_003706,1,SRC001,test
ASB04_003707,1,SRC001,train
ASB04_003708,1,SRC001,train
ASB04_003709,1,SRC009,train
ASB04_003710,1,SRC009,validation
ASB04_003711,1,SRC010,train
ASB04_003712,1,SRC001,test
ASB04_003713,1,SRC012,train
ASB04_003714,1,SRC001,test
ASB04_003715,1,SRC013,train
ASB04_003716,1,SRC001,train
ASB04_003717,1,SRC001,test
ASB04_003718,1,SRC001,train
ASB04_003719,1,SRC010,validation
ASB04_003720,1,SRC001,test
ASB04_003721,1,SRC010,train
ASB04_003722,1,SRC010,train
ASB04_003723,1,SRC001,test
ASB04_003724,1,SRC001,train
ASB04_003725,1,SRC001,validation
ASB04_003726,1,SRC010,test
ASB04_003727,1,SRC001,validation
ASB04_003728,1,SRC010,test
ASB04_003729,1,SRC010,train
ASB04_003730,1,SRC010,train
ASB04_003731,1,SRC001,test
ASB04_003732,1,SRC009,test
ASB04_003733,1,SRC010,validation
ASB04_003734,1,SRC001,train
ASB04_003735,1,SRC010,train
ASB04_003736,1,SRC001,test
ASB04_003737,1,SRC001,test
ASB04_003738,1,SRC001,validation
ASB04_003739,1,SRC001,train
ASB04_003740,1,SRC013,train
ASB04_003741,1,SRC010,test
ASB04_003742,1,SRC001,validation
ASB04_003743,1,SRC010,train
ASB04_003744,1,SRC013,test
ASB04_003745,1,SRC001,test
ASB04_003746,1,SRC009,train
ASB04_003747,1,SRC001,train
ASB04_003748,1,SRC001,validation
ASB04_003749,1,SRC001,validation
ASB04_003750,1,SRC013,train
ASB04_003751,1,SRC001,validation
ASB04_003752,1,SRC001,train
ASB04_003753,1,SRC010,test
ASB04_003754,1,SRC001,train
ASB04_003755,1,SRC010,test
ASB04_003756,1,SRC001,train
ASB04_003757,1,SRC010,validation
ASB04_003758,1,SRC001,train
ASB04_003759,1,SRC001,test
ASB04_003760,1,SRC001,validation
ASB04_003761,1,SRC009,validation
ASB04_003762,1,SRC001,train
ASB04_003763,1,SRC010,train
ASB04_003764,1,SRC001,train
ASB04_003765,1,SRC001,validation
ASB04_003766,1,SRC001,train
ASB04_003767,1,SRC001,train
ASB04_003768,1,SRC010,train
ASB04_003769,1,SRC010,train
ASB04_003770,1,SRC010,train
ASB04_003771,1,SRC001,train
ASB04_003772,1,SRC010,train
ASB04_003773,1,SRC001,train
ASB04_003774,1,SRC010,train
ASB04_003775,1,SRC001,train
ASB04_003776,1,SRC001,train
ASB04_003777,1,SRC001,train
ASB04_003778,1,SRC010,train
ASB04_003779,1,SRC009,train
ASB04_003780,1,SRC010,train
ASB04_003781,1,SRC010,train
ASB04_003782,1,SRC010,train
ASB04_003783,1,SRC009,train
ASB04_003784,1,SRC010,train
ASB04_003785,1,SRC013,train
ASB04_003786,1,SRC010,train
ASB04_003787,1,SRC010,validation
ASB04_003788,1,SRC001,train
ASB04_003789,1,SRC001,train
ASB04_003790,1,SRC009,test
ASB04_003791,1,SRC009,train
ASB04_003792,1,SRC010,train
ASB04_003793,1,SRC001,train
ASB04_003794,1,SRC010,test
ASB04_003795,1,SRC001,train
ASB04_003796,1,SRC001,train
ASB04_003797,1,SRC010,test
ASB04_003798,1,SRC009,test
ASB04_003799,1,SRC010,train
ASB04_003800,1,SRC001,train
ASB04_003801,1,SRC009,validation
ASB04_003802,1,SRC010,train
ASB04_003803,1,SRC010,test
ASB04_003804,1,SRC010,train
ASB04_003805,1,SRC010,test
ASB04_003806,1,SRC010,train
ASB04_003807,1,SRC010,train
ASB04_003808,1,SRC010,test
ASB04_003809,1,SRC010,validation
ASB04_003810,1,SRC010,test
ASB04_003811,1,SRC010,train
ASB04_003812,1,SRC009,test
ASB04_003813,1,SRC010,train
ASB04_003814,1,SRC009,train
ASB04_003815,1,SRC009,train
ASB04_003816,1,SRC001,train
ASB04_003817,1,SRC010,train
ASB04_003818,1,SRC013,train
ASB04_003819,1,SRC001,train
ASB04_003820,1,SRC010,train
ASB04_003821,1,SRC001,train
ASB04_003822,1,SRC001,train
ASB04_003823,1,SRC001,test
ASB04_003824,1,SRC001,test
ASB04_003825,1,SRC010,test
ASB04_003826,1,SRC010,test
ASB04_003827,1,SRC001,train
ASB04_003828,1,SRC010,train
ASB04_003829,1,SRC010,validation
ASB04_003830,1,SRC001,validation
ASB04_003831,1,SRC006,test
ASB04_003832,1,SRC005,test
ASB04_003833,1,SRC010,test
ASB04_003834,1,SRC010,train
ASB04_003835,1,SRC009,train
ASB04_003836,1,SRC001,test
ASB04_003837,1,SRC010,train
ASB04_003838,1,SRC002,train
ASB04_003839,1,SRC001,train
ASB04_003840,1,SRC001,test
ASB04_003841,1,SRC009,train
ASB04_003842,1,SRC010,validation
ASB04_003843,1,SRC001,train
ASB04_003844,1,SRC009,train
ASB04_003845,1,SRC001,train
ASB04_003846,1,SRC010,train
ASB04_003847,1,SRC010,train
ASB04_003848,1,SRC001,train
ASB04_003849,1,SRC009,train
ASB04_003850,1,SRC010,train
ASB04_003851,1,SRC012,test
ASB04_003852,1,SRC001,test
ASB04_003853,1,SRC010,train
ASB04_003854,1,SRC009,train
ASB04_003855,1,SRC002,validation
ASB04_003856,1,SRC001,train
ASB04_003857,1,SRC010,train
ASB04_003858,1,SRC010,train
ASB04_003859,1,SRC002,test
ASB04_003860,1,SRC001,train
ASB04_003861,1,SRC001,train
ASB04_003862,1,SRC010,train
ASB04_003863,1,SRC001,train
ASB04_003864,1,SRC010,train
ASB04_003865,1,SRC010,test
ASB04_003866,1,SRC001,train
ASB04_003867,1,SRC010,validation
ASB04_003868,1,SRC001,validation
ASB04_003869,1,SRC001,test
ASB04_003870,1,SRC001,train
ASB04_003871,1,SRC013,train
ASB04_003872,1,SRC001,test
ASB04_003873,1,SRC001,train
ASB04_003874,1,SRC001,train
ASB04_003875,1,SRC001,test
ASB04_003876,1,SRC010,validation
ASB04_003877,1,SRC001,train
ASB04_003878,1,SRC010,train
ASB04_003879,1,SRC001,test
ASB04_003880,1,SRC010,train
ASB04_003881,1,SRC001,train
ASB04_003882,1,SRC013,train
ASB04_003883,1,SRC001,train
ASB04_003884,1,SRC010,test
ASB04_003885,1,SRC001,train
ASB04_003886,1,SRC010,train
ASB04_003887,1,SRC011,train
ASB04_003888,1,SRC001,train
ASB04_003889,1,SRC010,validation
ASB04_003890,1,SRC001,train
ASB04_003891,1,SRC001,train
ASB04_003892,1,SRC001,train
ASB04_003893,1,SRC010,train
ASB04_003894,1,SRC009,validation
ASB04_003895,1,SRC009,train
ASB04_003896,1,SRC001,validation
ASB04_003897,1,SRC001,validation
ASB04_003898,1,SRC009,test
ASB04_003899,1,SRC001,train
ASB04_003900,1,SRC010,test
ASB04_003901,1,SRC001,train
ASB04_003902,1,SRC010,train
ASB04_003903,1,SRC009,train
ASB04_003904,1,SRC010,train
ASB04_003905,1,SRC001,validation
ASB04_003906,1,SRC001,train
ASB04_003907,1,SRC001,test
ASB04_003908,1,SRC010,test
ASB04_003909,1,SRC010,train
ASB04_003910,1,SRC009,train
ASB04_003911,1,SRC010,train
ASB04_003912,1,SRC010,train
ASB04_003913,1,SRC009,train
ASB04_003914,1,SRC010,train
ASB04_003915,1,SRC010,train
ASB04_003916,1,SRC001,train
ASB04_003917,1,SRC001,train
ASB04_003918,1,SRC001,test
ASB04_003919,1,SRC001,train
ASB04_003920,1,SRC001,validation
ASB04_003921,1,SRC009,test
ASB04_003922,1,SRC010,train
ASB04_003923,1,SRC010,test
ASB04_003924,1,SRC009,test
ASB04_003925,1,SRC001,train
ASB04_003926,1,SRC010,train
ASB04_003927,1,SRC001,test
ASB04_003928,1,SRC010,train
ASB04_003929,1,SRC010,train
ASB04_003930,1,SRC010,validation
ASB04_003931,1,SRC009,train
ASB04_003932,1,SRC004,train
ASB04_003933,1,SRC009,train
ASB04_003934,1,SRC010,train
ASB04_003935,1,SRC001,train
ASB04_003936,1,SRC010,validation
ASB04_003937,1,SRC001,train
ASB04_003938,1,SRC001,train
ASB04_003939,1,SRC004,test
ASB04_003940,1,SRC001,train
ASB04_003941,1,SRC009,validation
ASB04_003942,1,SRC001,train
ASB04_003943,1,SRC010,train
ASB04_003944,1,SRC010,test
ASB04_003945,1,SRC001,train
ASB04_003946,1,SRC010,train
ASB04_003947,1,SRC002,train
ASB04_003948,1,SRC010,test
ASB04_003949,1,SRC001,train
ASB04_003950,1,SRC001,train
ASB04_003951,1,SRC010,train
ASB04_003952,1,SRC010,test
ASB04_003953,1,SRC010,train
ASB04_003954,1,SRC001,test
ASB04_003955,1,SRC012,validation
ASB04_003956,1,SRC001,train
ASB04_003957,1,SRC012,train
ASB04_003958,1,SRC009,train
ASB04_003959,1,SRC001,validation
ASB04_003960,1,SRC010,validation
ASB04_003961,1,SRC001,train
ASB04_003962,1,SRC010,train
ASB04_003963,1,SRC012,train
ASB04_003964,1,SRC010,train
ASB04_003965,1,SRC001,train
ASB04_003966,1,SRC010,test
ASB04_003967,1,SRC001,train
ASB04_003968,1,SRC001,test
ASB04_003969,1,SRC001,train
ASB04_003970,1,SRC010,train
ASB04_003971,1,SRC010,test
ASB04_003972,1,SRC010,train
ASB04_003973,1,SRC010,train
ASB04_003974,1,SRC001,train
ASB04_003975,1,SRC001,train
ASB04_003976,1,SRC001,validation
ASB04_003977,1,SRC001,test
ASB04_003978,1,SRC001,train
ASB04_003979,1,SRC001,train
ASB04_003980,1,SRC010,train
ASB04_003981,1,SRC010,train
ASB04_003982,1,SRC001,train
ASB04_003983,1,SRC001,train
ASB04_003984,1,SRC001,validation
ASB04_003985,1,SRC001,train
ASB04_003986,1,SRC001,train
ASB04_003987,1,SRC001,test
ASB04_003988,1,SRC010,train
ASB04_003989,1,SRC001,test
ASB04_003990,1,SRC001,train
ASB04_003991,1,SRC010,train
ASB04_003992,1,SRC010,train
ASB04_003993,1,SRC001,train
ASB04_003994,1,SRC006,train
ASB04_003995,1,SRC010,train
ASB04_003996,1,SRC001,train
ASB04_003997,1,SRC012,test
ASB04_003998,1,SRC001,train
ASB04_003999,1,SRC001,train
ASB04_004000,1,SRC012,train
ASB04_004001,1,SRC001,validation
ASB04_004002,1,SRC010,train
ASB04_004003,1,SRC010,train
ASB04_004004,1,SRC009,train
ASB04_004005,1,SRC010,train
ASB04_004006,1,SRC010,validation
ASB04_004007,1,SRC001,validation
ASB04_004008,1,SRC001,train
ASB04_004009,1,SRC001,test
ASB04_004010,1,SRC010,test
ASB04_004011,1,SRC009,train
ASB04_004012,1,SRC012,train
ASB04_004013,1,SRC001,train
ASB04_004014,1,SRC012,train
ASB04_004015,1,SRC001,train
ASB04_004016,1,SRC010,train
ASB04_004017,1,SRC001,train
ASB04_004018,1,SRC001,train
ASB04_004019,1,SRC001,train
ASB04_004020,1,SRC001,train
ASB04_004021,1,SRC010,test
ASB04_004022,1,SRC001,train
ASB04_004023,1,SRC013,train
ASB04_004024,1,SRC010,train
ASB04_004025,1,SRC001,train
ASB04_004026,1,SRC001,validation
ASB04_004027,1,SRC010,test
ASB04_004028,1,SRC001,train
ASB04_004029,1,SRC001,train
ASB04_004030,1,SRC010,train
ASB04_004031,1,SRC001,train
ASB04_004032,1,SRC010,train
ASB04_004033,1,SRC001,train
ASB04_004034,1,SRC001,test
ASB04_004035,1,SRC001,train
ASB04_004036,1,SRC010,train
ASB04_004037,1,SRC001,train
ASB04_004038,1,SRC010,validation
ASB04_004039,1,SRC001,train
ASB04_004040,1,SRC001,train
ASB04_004041,1,SRC013,test
ASB04_004042,1,SRC001,train
ASB04_004043,1,SRC010,train
ASB04_004044,1,SRC001,train
ASB04_004045,1,SRC010,test
ASB04_004046,1,SRC001,test
ASB04_004047,1,SRC001,train
ASB04_004048,1,SRC001,train
ASB04_004049,1,SRC010,train
ASB04_004050,1,SRC010,train
ASB04_004051,1,SRC009,train
ASB04_004052,1,SRC009,train
ASB04_004053,1,SRC001,train
ASB04_004054,1,SRC001,train
ASB04_004055,1,SRC001,train
ASB04_004056,1,SRC010,train
ASB04_004057,1,SRC010,train
ASB04_004058,1,SRC010,train
ASB04_004059,1,SRC001,train
ASB04_004060,1,SRC001,test
ASB04_004061,1,SRC001,train
ASB04_004062,1,SRC010,validation
ASB04_004063,1,SRC001,train
ASB04_004064,1,SRC010,validation
ASB04_004065,1,SRC010,train
ASB04_004066,1,SRC010,train
ASB04_004067,1,SRC010,test
ASB04_004068,1,SRC010,train
ASB04_004069,1,SRC010,test
ASB04_004070,1,SRC009,train
ASB04_004071,1,SRC001,train
ASB04_004072,1,SRC009,train
ASB04_004073,1,SRC001,test
ASB04_004074,1,SRC010,test
ASB04_004075,1,SRC010,train
ASB04_004076,1,SRC001,train
ASB04_004077,1,SRC001,train
ASB04_004078,1,SRC010,train
ASB04_004079,1,SRC001,train
ASB04_004080,1,SRC010,test
ASB04_004081,1,SRC009,train
ASB04_004082,1,SRC001,train
ASB04_004083,1,SRC010,validation
ASB04_004084,1,SRC001,test
ASB04_004085,1,SRC001,train
ASB04_004086,1,SRC010,train
ASB04_004087,1,SRC010,validation
ASB04_004088,1,SRC001,train
ASB04_004089,1,SRC001,test
ASB04_004090,1,SRC010,train
ASB04_004091,1,SRC010,train
ASB04_004092,1,SRC010,train
ASB04_004093,1,SRC010,train
ASB04_004094,1,SRC001,validation
ASB04_004095,1,SRC001,train
ASB04_004096,1,SRC001,validation
ASB04_004097,1,SRC001,test
ASB04_004098,1,SRC002,train
ASB04_004099,1,SRC001,train
ASB04_004100,1,SRC013,train
ASB04_004101,1,SRC001,train
ASB04_004102,1,SRC001,train
ASB04_004103,1,SRC001,train
ASB04_004104,1,SRC010,train
ASB04_004105,1,SRC010,train
ASB04_004106,1,SRC010,test
ASB04_004107,1,SRC001,train
ASB04_004108,1,SRC010,test
ASB04_004109,1,SRC009,train
ASB04_004110,1,SRC009,train
ASB04_004111,1,SRC001,train
ASB04_004112,1,SRC001,train
ASB04_004113,1,SRC001,train
ASB04_004114,1,SRC009,train
ASB04_004115,1,SRC010,test
ASB04_004116,1,SRC004,train
ASB04_004117,1,SRC001,train
ASB04_004118,1,SRC001,validation
ASB04_004119,1,SRC010,validation
ASB04_004120,1,SRC013,train
ASB04_004121,1,SRC010,train
ASB04_004122,1,SRC001,train
ASB04_004123,1,SRC001,train
ASB04_004124,1,SRC010,train
ASB04_004125,1,SRC001,train
ASB04_004126,1,SRC001,train
ASB04_004127,1,SRC001,train
ASB04_004128,1,SRC010,train
ASB04_004129,1,SRC010,train
ASB04_004130,1,SRC010,train
ASB04_004131,1,SRC010,train
ASB04_004132,1,SRC009,validation
ASB04_004133,1,SRC010,train
ASB04_004134,1,SRC010,train
ASB04_004135,1,SRC009,train
ASB04_004136,1,SRC002,test
ASB04_004137,1,SRC001,test
ASB04_004138,1,SRC006,validation
ASB04_004139,1,SRC010,test
ASB04_004140,1,SRC009,train
ASB04_004141,1,SRC010,train
ASB04_004142,1,SRC010,train
ASB04_004143,1,SRC001,train
ASB04_004144,1,SRC001,train
ASB04_004145,1,SRC010,test
ASB04_004146,1,SRC001,train
ASB04_004147,1,SRC010,train
ASB04_004148,1,SRC001,train
ASB04_004149,1,SRC010,train
ASB04_004150,1,SRC001,train
ASB04_004151,1,SRC010,train
ASB04_004152,1,SRC001,train
ASB04_004153,1,SRC001,test
ASB04_004154,1,SRC001,test
ASB04_004155,1,SRC010,test
ASB04_004156,1,SRC010,validation
ASB04_004157,1,SRC010,train
ASB04_004158,1,SRC011,train
ASB04_004159,1,SRC001,train
ASB04_004160,1,SRC010,train
ASB04_004161,1,SRC001,test
ASB04_004162,1,SRC001,train
ASB04_004163,1,SRC010,train
ASB04_004164,1,SRC010,test
ASB04_004165,1,SRC010,train
ASB04_004166,1,SRC001,train
ASB04_004167,1,SRC001,train
ASB04_004168,1,SRC001,train
ASB04_004169,1,SRC001,train
ASB04_004170,1,SRC001,train
ASB04_004171,1,SRC001,train
ASB04_004172,1,SRC010,train
ASB04_004173,1,SRC001,test
ASB04_004174,1,SRC009,validation
ASB04_004175,1,SRC001,train
ASB04_004176,1,SRC001,train
ASB04_004177,1,SRC001,train
ASB04_004178,1,SRC013,test
ASB04_004179,1,SRC010,validation
ASB04_004180,1,SRC010,train
ASB04_004181,1,SRC010,train
ASB04_004182,1,SRC010,train
ASB04_004183,1,SRC010,test
ASB04_004184,1,SRC001,test
ASB04_004185,1,SRC010,train
ASB04_004186,1,SRC001,train
ASB04_004187,1,SRC010,train
ASB04_004188,1,SRC001,test
ASB04_004189,1,SRC001,train
ASB04_004190,1,SRC001,train
ASB04_004191,1,SRC001,train
ASB04_004192,1,SRC010,train
ASB04_004193,1,SRC010,train
ASB04_004194,1,SRC010,train
ASB04_004195,1,SRC001,train
ASB04_004196,1,SRC001,train
ASB04_004197,1,SRC013,train
ASB04_004198,1,SRC010,train
ASB04_004199,1,SRC010,train
ASB04_004200,1,SRC001,test
ASB04_004201,1,SRC010,test
ASB04_004202,1,SRC010,train
ASB04_004203,1,SRC001,train
ASB04_004204,1,SRC010,train
ASB04_004205,1,SRC009,train
ASB04_004206,1,SRC013,train
ASB04_004207,1,SRC010,train
ASB04_004208,1,SRC001,test
ASB04_004209,1,SRC009,test
ASB04_004210,1,SRC001,train
ASB04_004211,1,SRC001,train
ASB04_004212,1,SRC001,test
ASB04_004213,1,SRC002,train
ASB04_004214,1,SRC010,test
ASB04_004215,1,SRC001,validation
ASB04_004216,1,SRC001,train
ASB04_004217,1,SRC001,train
ASB04_004218,1,SRC010,train
ASB04_004219,1,SRC010,train
ASB04_004220,1,SRC001,validation
ASB04_004221,1,SRC009,train
ASB04_004222,1,SRC010,validation
ASB04_004223,1,SRC010,train
ASB04_004224,1,SRC006,test
ASB04_004225,1,SRC001,train
ASB04_004226,1,SRC001,test
ASB04_004227,1,SRC001,train
ASB04_004228,1,SRC001,test
ASB04_004229,1,SRC010,train
ASB04_004230,1,SRC001,train
ASB04_004231,1,SRC001,train
ASB04_004232,1,SRC010,train
ASB04_004233,1,SRC001,validation
ASB04_004234,1,SRC001,train
ASB04_004235,1,SRC001,train
ASB04_004236,1,SRC001,train
ASB04_004237,1,SRC001,test
ASB04_004238,1,SRC010,train
ASB04_004239,1,SRC013,train
ASB04_004240,1,SRC010,train
ASB04_004241,1,SRC001,train
ASB04_004242,1,SRC001,train
ASB04_004243,1,SRC001,train
ASB04_004244,1,SRC010,train
ASB04_004245,1,SRC009,test
ASB04_004246,1,SRC010,train
ASB04_004247,1,SRC010,train
ASB04_004248,1,SRC001,train
ASB04_004249,1,SRC012,train
ASB04_004250,1,SRC001,test
ASB04_004251,1,SRC001,train
ASB04_004252,1,SRC002,train
ASB04_004253,1,SRC001,train
ASB04_004254,1,SRC010,train
ASB04_004255,1,SRC010,train
ASB04_004256,1,SRC005,test
ASB04_004257,1,SRC010,test
ASB04_004258,1,SRC009,test
ASB04_004259,1,SRC001,test
ASB04_004260,1,SRC001,test
ASB04_004261,1,SRC001,test
ASB04_004262,1,SRC001,train
ASB04_004263,1,SRC010,train
ASB04_004264,1,SRC010,train
ASB04_004265,1,SRC010,train
ASB04_004266,1,SRC010,train
ASB04_004267,1,SRC001,validation
ASB04_004268,1,SRC006,train
ASB04_004269,1,SRC001,test
ASB04_004270,1,SRC009,train
ASB04_004271,1,SRC002,train
ASB04_004272,1,SRC009,train
ASB04_004273,1,SRC010,validation
ASB04_004274,1,SRC009,train
ASB04_004275,1,SRC001,test
ASB04_004276,1,SRC001,train
ASB04_004277,1,SRC001,test
ASB04_004278,1,SRC001,train
ASB04_004279,1,SRC001,validation
ASB04_004280,1,SRC010,train
ASB04_004281,1,SRC001,train
ASB04_004282,1,SRC001,train
ASB04_004283,1,SRC010,test
ASB04_004284,1,SRC010,test
ASB04_004285,1,SRC001,train
ASB04_004286,1,SRC009,validation
ASB04_004287,1,SRC002,train
ASB04_004288,1,SRC001,test
ASB04_004289,1,SRC010,train
ASB04_004290,1,SRC002,train
ASB04_004291,1,SRC009,train
ASB04_004292,1,SRC001,train
ASB04_004293,1,SRC001,train
ASB04_004294,1,SRC010,validation
ASB04_004295,1,SRC001,train
ASB04_004296,1,SRC001,train
ASB04_004297,1,SRC001,train
ASB04_004298,1,SRC009,train
ASB04_004299,1,SRC010,train
ASB04_004300,1,SRC001,train
ASB04_004301,1,SRC001,train
ASB04_004302,1,SRC013,train
ASB04_004303,1,SRC002,train
ASB04_004304,1,SRC010,train
ASB04_004305,1,SRC001,train
ASB04_004306,1,SRC001,test
ASB04_004307,1,SRC001,train
ASB04_004308,1,SRC001,test
ASB04_004309,1,SRC010,validation
ASB04_004310,1,SRC009,train
ASB04_004311,1,SRC010,train
ASB04_004312,1,SRC001,train
ASB04_004313,1,SRC001,test
ASB04_004314,1,SRC002,train
ASB04_004315,1,SRC010,train
ASB04_004316,1,SRC010,train
ASB04_004317,1,SRC010,test
ASB04_004318,1,SRC001,train
ASB04_004319,1,SRC010,validation
ASB04_004320,1,SRC001,train
ASB04_004321,1,SRC001,test
ASB04_004322,1,SRC001,train
ASB04_004323,1,SRC010,train
ASB04_004324,1,SRC010,train
ASB04_004325,1,SRC010,train
ASB04_004326,1,SRC010,train
ASB04_004327,1,SRC010,train
ASB04_004328,1,SRC001,validation
ASB04_004329,1,SRC001,train
ASB04_004330,1,SRC010,train
ASB04_004331,1,SRC010,test
ASB04_004332,1,SRC001,train
ASB04_004333,1,SRC001,train
ASB04_004334,1,SRC010,train
ASB04_004335,1,SRC010,train
ASB04_004336,1,SRC010,train
ASB04_004337,1,SRC010,train
ASB04_004338,1,SRC010,train
ASB04_004339,1,SRC004,train
ASB04_004340,1,SRC001,train
ASB04_004341,1,SRC010,test
ASB04_004342,1,SRC010,train
ASB04_004343,1,SRC010,train
ASB04_004344,1,SRC001,train
ASB04_004345,1,SRC010,train
ASB04_004346,1,SRC010,train
ASB04_004347,1,SRC010,train
ASB04_004348,1,SRC001,train
ASB04_004349,1,SRC010,train
ASB04_004350,1,SRC001,test
ASB04_004351,1,SRC010,train
ASB04_004352,1,SRC009,test
ASB04_004353,1,SRC009,train
ASB04_004354,1,SRC010,train
ASB04_004355,1,SRC001,train
ASB04_004356,1,SRC002,train
ASB04_004357,1,SRC009,train
ASB04_004358,1,SRC010,test
ASB04_004359,1,SRC010,train
ASB04_004360,1,SRC001,train
ASB04_004361,1,SRC001,train
ASB04_004362,1,SRC009,test
ASB04_004363,1,SRC001,train
ASB04_004364,1,SRC001,validation
ASB04_004365,1,SRC006,test
ASB04_004366,1,SRC009,test
ASB04_004367,1,SRC009,train
ASB04_004368,1,SRC009,train
ASB04_004369,1,SRC001,train
ASB04_004370,1,SRC001,validation
ASB04_004371,1,SRC001,train
ASB04_004372,1,SRC001,train
ASB04_004373,1,SRC009,train
ASB04_004374,1,SRC010,train
ASB04_004375,1,SRC010,train
ASB04_004376,1,SRC001,train
ASB04_004377,1,SRC010,train
ASB04_004378,1,SRC010,train
ASB04_004379,1,SRC010,validation
ASB04_004380,1,SRC010,train
ASB04_004381,1,SRC001,train
ASB04_004382,1,SRC001,train
ASB04_004383,1,SRC001,train
ASB04_004384,1,SRC001,train
ASB04_004385,1,SRC001,test
ASB04_004386,1,SRC001,train
ASB04_004387,1,SRC010,train
ASB04_004388,1,SRC001,train
ASB04_004389,1,SRC001,train
ASB04_004390,1,SRC010,train
ASB04_004391,1,SRC001,train
ASB04_004392,1,SRC001,train
ASB04_004393,1,SRC009,train
ASB04_004394,1,SRC009,train
ASB04_004395,1,SRC010,train
ASB04_004396,1,SRC001,train
ASB04_004397,1,SRC010,train
ASB04_004398,1,SRC001,train
ASB04_004399,1,SRC001,train
ASB04_004400,1,SRC010,train
ASB04_004401,1,SRC009,train
ASB04_004402,1,SRC010,train
ASB04_004403,1,SRC001,test
ASB04_004404,1,SRC001,train
ASB04_004405,1,SRC010,train
ASB04_004406,1,SRC001,train
ASB04_004407,1,SRC010,test
ASB04_004408,1,SRC010,train
ASB04_004409,1,SRC001,validation
ASB04_004410,1,SRC001,train
ASB04_004411,1,SRC010,test
ASB04_004412,1,SRC001,train
ASB04_004413,1,SRC010,train
ASB04_004414,1,SRC010,validation
ASB04_004415,1,SRC001,train
ASB04_004416,1,SRC010,train
ASB04_004417,1,SRC010,train
ASB04_004418,1,SRC010,train
ASB04_004419,1,SRC009,train
ASB04_004420,1,SRC001,train
ASB04_004421,1,SRC001,train
ASB04_004422,1,SRC001,train
ASB04_004423,1,SRC010,test
ASB04_004424,1,SRC009,train
ASB04_004425,1,SRC010,validation
ASB04_004426,1,SRC010,train
ASB04_004427,1,SRC001,test
ASB04_004428,1,SRC001,train
ASB04_004429,1,SRC001,train
ASB04_004430,1,SRC001,train
ASB04_004431,1,SRC001,train
ASB04_004432,1,SRC001,test
ASB04_004433,1,SRC001,train
ASB04_004434,1,SRC001,test
ASB04_004435,1,SRC001,train
ASB04_004436,1,SRC010,train
ASB04_004437,1,SRC001,train
ASB04_004438,1,SRC001,test
ASB04_004439,1,SRC010,train
ASB04_004440,1,SRC001,train
ASB04_004441,1,SRC001,train
ASB04_004442,1,SRC010,train
ASB04_004443,1,SRC001,train
ASB04_004444,1,SRC001,test
ASB04_004445,1,SRC010,test
ASB04_004446,1,SRC010,train
ASB04_004447,1,SRC009,train
ASB04_004448,1,SRC009,train
ASB04_004449,1,SRC001,test
ASB04_004450,1,SRC001,test
ASB04_004451,1,SRC010,train
ASB04_004452,1,SRC001,train
ASB04_004453,1,SRC010,train
ASB04_004454,1,SRC010,train
ASB04_004455,1,SRC001,train
ASB04_004456,1,SRC001,train
ASB04_004457,1,SRC001,train
ASB04_004458,1,SRC009,test
ASB04_004459,1,SRC001,test
ASB04_004460,1,SRC010,train
ASB04_004461,1,SRC009,train
ASB04_004462,1,SRC001,train
ASB04_004463,1,SRC001,train
ASB04_004464,1,SRC001,train
ASB04_004465,1,SRC010,train
ASB04_004466,1,SRC001,train
ASB04_004467,1,SRC001,train
ASB04_004468,1,SRC010,train
ASB04_004469,1,SRC010,train
ASB04_004470,1,SRC009,train
ASB04_004471,1,SRC010,train
ASB04_004472,1,SRC010,train
ASB04_004473,1,SRC001,train
ASB04_004474,1,SRC001,train
ASB04_004475,1,SRC001,train
ASB04_004476,1,SRC009,train
ASB04_004477,1,SRC010,train
ASB04_004478,1,SRC001,train
ASB04_004479,1,SRC010,train
ASB04_004480,1,SRC001,test
ASB04_004481,1,SRC009,train
ASB04_004482,1,SRC010,test
ASB04_004483,1,SRC001,train
ASB04_004484,1,SRC001,train
ASB04_004485,1,SRC001,train
ASB04_004486,1,SRC010,validation
ASB04_004487,1,SRC001,train
ASB04_004488,1,SRC009,train
ASB04_004489,1,SRC010,train
ASB04_004490,1,SRC001,train
ASB04_004491,1,SRC001,train
ASB04_004492,1,SRC001,train
ASB04_004493,1,SRC009,validation
ASB04_004494,1,SRC001,test
ASB04_004495,1,SRC010,test
ASB04_004496,1,SRC010,train
ASB04_004497,1,SRC001,train
ASB04_004498,1,SRC001,train
ASB04_004499,1,SRC010,train
ASB04_004500,1,SRC010,test
ASB04_004501,1,SRC010,validation
ASB04_004502,1,SRC001,validation
ASB04_004503,1,SRC010,train
ASB04_004504,1,SRC001,train
ASB04_004505,1,SRC001,train
ASB04_004506,1,SRC001,train
ASB04_004507,1,SRC009,train
ASB04_004508,1,SRC001,train
ASB04_004509,1,SRC013,train
ASB04_004510,1,SRC001,train
ASB04_004511,1,SRC010,train
ASB04_004512,1,SRC010,train
ASB04_004513,1,SRC001,train
ASB04_004514,1,SRC009,train
ASB04_004515,1,SRC006,train
ASB04_004516,1,SRC001,validation
ASB04_004517,1,SRC013,train
ASB04_004518,1,SRC010,test
ASB04_004519,1,SRC013,train
ASB04_004520,1,SRC002,train
ASB04_004521,1,SRC001,train
ASB04_004522,1,SRC001,train
ASB04_004523,1,SRC010,train
ASB04_004524,1,SRC010,test
ASB04_004525,1,SRC010,train
ASB04_004526,1,SRC001,train
ASB04_004527,1,SRC010,validation
ASB04_004528,1,SRC010,train
ASB04_004529,1,SRC001,train
ASB04_004530,1,SRC012,validation
ASB04_004531,1,SRC009,test
ASB04_004532,1,SRC010,test
ASB04_004533,1,SRC001,train
ASB04_004534,1,SRC001,train
ASB04_004535,1,SRC010,train
ASB04_004536,1,SRC001,train
ASB04_004537,1,SRC010,test
ASB04_004538,1,SRC001,train
ASB04_004539,1,SRC002,validation
ASB04_004540,1,SRC001,train
ASB04_004541,1,SRC001,train
ASB04_004542,1,SRC001,train
ASB04_004543,1,SRC001,validation
ASB04_004544,1,SRC001,train
ASB04_004545,1,SRC010,train
ASB04_004546,1,SRC010,test
ASB04_004547,1,SRC001,validation
ASB04_004548,1,SRC002,train
ASB04_004549,1,SRC001,train
ASB04_004550,1,SRC010,train
ASB04_004551,1,SRC010,train
ASB04_004552,1,SRC009,test
ASB04_004553,1,SRC010,test
ASB04_004554,1,SRC001,train
ASB04_004555,1,SRC010,train
ASB04_004556,1,SRC010,train
ASB04_004557,1,SRC009,train
ASB04_004558,1,SRC009,test
ASB04_004559,1,SRC005,test
ASB04_004560,1,SRC001,test
ASB04_004561,1,SRC001,train
ASB04_004562,1,SRC001,train
ASB04_004563,1,SRC001,train
ASB04_004564,1,SRC001,test
ASB04_004565,1,SRC010,train
ASB04_004566,1,SRC010,train
ASB04_004567,1,SRC001,train
ASB04_004568,1,SRC010,train
ASB04_004569,1,SRC001,train
ASB04_004570,1,SRC001,train
ASB04_004571,1,SRC001,validation
ASB04_004572,1,SRC010,test
ASB04_004573,1,SRC010,train
ASB04_004574,1,SRC010,train
ASB04_004575,1,SRC010,train
ASB04_004576,1,SRC001,train
ASB04_004577,1,SRC006,test
ASB04_004578,1,SRC009,test
ASB04_004579,1,SRC010,test
ASB04_004580,1,SRC001,validation
ASB04_004581,1,SRC001,train
ASB04_004582,1,SRC010,train
ASB04_004583,1,SRC001,train
ASB04_004584,1,SRC010,test
ASB04_004585,1,SRC001,train
ASB04_004586,1,SRC002,test
ASB04_004587,1,SRC001,train
ASB04_004588,1,SRC010,train
ASB04_004589,1,SRC010,train
ASB04_004590,1,SRC001,test
ASB04_004591,1,SRC001,test
ASB04_004592,1,SRC012,validation
ASB04_004593,1,SRC010,test
ASB04_004594,1,SRC010,train
ASB04_004595,1,SRC009,train
ASB04_004596,1,SRC010,test
ASB04_004597,1,SRC010,test
ASB04_004598,1,SRC010,train
ASB04_004599,1,SRC010,train
ASB04_004600,1,SRC001,train
ASB04_004601,1,SRC010,validation
ASB04_004602,1,SRC010,train
ASB04_004603,1,SRC010,train
ASB04_004604,1,SRC009,train
ASB04_004605,1,SRC001,train
ASB04_004606,1,SRC010,test
ASB04_004607,1,SRC001,train
ASB04_004608,1,SRC001,train
ASB04_004609,1,SRC001,train
ASB04_004610,1,SRC010,train
ASB04_004611,1,SRC010,train
ASB04_004612,1,SRC010,train
ASB04_004613,1,SRC001,train
ASB04_004614,1,SRC010,train
ASB04_004615,1,SRC010,train
ASB04_004616,1,SRC010,test
ASB04_004617,1,SRC001,train
ASB04_004618,1,SRC001,train
ASB04_004619,1,SRC001,train
ASB04_004620,1,SRC002,train
ASB04_004621,1,SRC001,validation
ASB04_004622,1,SRC009,validation
ASB04_004623,1,SRC001,train
ASB04_004624,1,SRC010,train
ASB04_004625,1,SRC001,test
ASB04_004626,1,SRC001,train
ASB04_004627,1,SRC010,train
ASB04_004628,1,SRC001,test
ASB04_004629,1,SRC010,test
ASB04_004630,1,SRC001,train
ASB04_004631,1,SRC010,train
ASB04_004632,1,SRC001,train
ASB04_004633,1,SRC001,train
ASB04_004634,1,SRC002,train
ASB04_004635,1,SRC002,train
ASB04_004636,1,SRC010,train
ASB04_004637,1,SRC013,test
ASB04_004638,1,SRC001,validation
ASB04_004639,1,SRC010,train
ASB04_004640,1,SRC001,train
ASB04_004641,1,SRC010,train
ASB04_004642,1,SRC010,train
ASB04_004643,1,SRC010,test
ASB04_004644,1,SRC001,test
ASB04_004645,1,SRC010,train
ASB04_004646,1,SRC001,train
ASB04_004647,1,SRC010,test
ASB04_004648,1,SRC010,test
ASB04_004649,1,SRC009,validation
ASB04_004650,1,SRC010,train
ASB04_004651,1,SRC006,test
ASB04_004652,1,SRC009,train
ASB04_004653,1,SRC010,validation
ASB04_004654,1,SRC010,test
ASB04_004655,1,SRC001,test
ASB04_004656,1,SRC001,train
ASB04_004657,1,SRC001,train
ASB04_004658,1,SRC001,train
ASB04_004659,1,SRC001,test
ASB04_004660,1,SRC001,train
ASB04_004661,1,SRC010,train
ASB04_004662,1,SRC001,train
ASB04_004663,1,SRC001,train
ASB04_004664,1,SRC001,train
ASB04_004665,1,SRC010,train
ASB04_004666,1,SRC010,train
ASB04_004667,1,SRC009,validation
ASB04_004668,1,SRC001,train
ASB04_004669,1,SRC010,train
ASB04_004670,1,SRC001,test
ASB04_004671,1,SRC001,train
ASB04_004672,1,SRC010,train
ASB04_004673,1,SRC001,train
ASB04_004674,1,SRC010,train
ASB04_004675,1,SRC010,test
ASB04_004676,1,SRC010,test
ASB04_004677,1,SRC010,test
ASB04_004678,1,SRC001,test
ASB04_004679,1,SRC010,train
ASB04_004680,1,SRC010,test
ASB04_004681,1,SRC001,train
ASB04_004682,1,SRC001,train
ASB04_004683,1,SRC001,train
ASB04_004684,1,SRC010,test
ASB04_004685,1,SRC001,train
ASB04_004686,1,SRC001,train
ASB04_004687,1,SRC009,train
ASB04_004688,1,SRC010,train
ASB04_004689,1,SRC001,test
ASB04_004690,1,SRC009,train
ASB04_004691,1,SRC001,validation
ASB04_004692,1,SRC001,train
ASB04_004693,1,SRC012,train
ASB04_004694,1,SRC001,train
ASB04_004695,1,SRC010,train
ASB04_004696,1,SRC010,train
ASB04_004697,1,SRC001,train
ASB04_004698,1,SRC010,validation
ASB04_004699,1,SRC010,train
ASB04_004700,1,SRC010,test
ASB04_004701,1,SRC010,train
ASB04_004702,1,SRC009,train
ASB04_004703,1,SRC010,train
ASB04_004704,1,SRC010,train
ASB04_004705,1,SRC009,train
ASB04_004706,1,SRC001,train
ASB04_004707,1,SRC001,train
ASB04_004708,1,SRC009,train
ASB04_004709,1,SRC001,train
ASB04_004710,1,SRC001,train
ASB04_004711,1,SRC010,train
ASB04_004712,1,SRC009,validation
ASB04_004713,1,SRC010,train
ASB04_004714,1,SRC001,validation
ASB04_004715,1,SRC001,validation
ASB04_004716,1,SRC001,train
ASB04_004717,1,SRC010,train
ASB04_004718,1,SRC001,train
ASB04_004719,1,SRC001,train
ASB04_004720,1,SRC009,test
ASB04_004721,1,SRC006,train
ASB04_004722,1,SRC001,train
ASB04_004723,1,SRC001,train
ASB04_004724,1,SRC001,train
ASB04_004725,1,SRC012,test
ASB04_004726,1,SRC009,test
ASB04_004727,1,SRC001,train
ASB04_004728,1,SRC001,test
ASB04_004729,1,SRC010,validation
ASB04_004730,1,SRC010,train
ASB04_004731,1,SRC001,train
ASB04_004732,1,SRC001,train
ASB04_004733,1,SRC001,test
ASB04_004734,1,SRC005,validation
ASB04_004735,1,SRC001,train
ASB04_004736,1,SRC001,train
ASB04_004737,1,SRC013,test
ASB04_004738,1,SRC009,test
ASB04_004739,1,SRC010,train
ASB04_004740,1,SRC001,train
ASB04_004741,1,SRC009,train
ASB04_004742,1,SRC009,validation
ASB04_004743,1,SRC006,train
ASB04_004744,1,SRC010,validation
ASB04_004745,1,SRC001,test
ASB04_004746,1,SRC001,train
ASB04_004747,1,SRC010,test
ASB04_004748,1,SRC001,train
ASB04_004749,1,SRC009,train
ASB04_004750,1,SRC010,train
ASB04_004751,1,SRC001,train
ASB04_004752,1,SRC001,train
ASB04_004753,1,SRC001,test
ASB04_004754,1,SRC001,train
ASB04_004755,1,SRC001,validation
ASB04_004756,1,SRC010,train
ASB04_004757,1,SRC010,train
ASB04_004758,1,SRC001,test
ASB04_004759,1,SRC010,validation
ASB04_004760,1,SRC010,train
ASB04_004761,1,SRC009,test
ASB04_004762,1,SRC001,validation
ASB04_004763,1,SRC010,train
ASB04_004764,1,SRC010,train
ASB04_004765,1,SRC001,train
ASB04_004766,1,SRC010,train
ASB04_004767,1,SRC010,train
ASB04_004768,1,SRC001,train
ASB04_004769,1,SRC009,train
ASB04_004770,1,SRC009,validation
ASB04_004771,1,SRC010,train
ASB04_004772,1,SRC001,train
ASB04_004773,1,SRC005,train
ASB04_004774,1,SRC002,train
ASB04_004775,1,SRC001,test
ASB04_004776,1,SRC001,train
ASB04_004777,1,SRC001,test
ASB04_004778,1,SRC010,train
ASB04_004779,1,SRC001,test
ASB04_004780,1,SRC010,train
ASB04_004781,1,SRC001,test
ASB04_004782,1,SRC001,validation
ASB04_004783,1,SRC010,train
ASB04_004784,1,SRC010,train
ASB04_004785,1,SRC001,train
ASB04_004786,1,SRC013,train
ASB04_004787,1,SRC001,train
ASB04_004788,1,SRC001,train
ASB04_004789,1,SRC001,train
ASB04_004790,1,SRC010,train
ASB04_004791,1,SRC006,test
ASB04_004792,1,SRC010,train
ASB04_004793,1,SRC010,train
ASB04_004794,1,SRC001,train
ASB04_004795,1,SRC009,train
ASB04_004796,1,SRC010,test
ASB04_004797,1,SRC009,test
ASB04_004798,1,SRC001,train
ASB04_004799,1,SRC001,validation
ASB04_004800,1,SRC001,test
ASB04_004801,1,SRC010,train
ASB04_004802,1,SRC010,train
ASB04_004803,1,SRC013,train
ASB04_004804,1,SRC010,train
ASB04_004805,1,SRC009,test
ASB04_004806,1,SRC001,train
ASB04_004807,1,SRC001,train
ASB04_004808,1,SRC006,train
ASB04_004809,1,SRC010,train
ASB04_004810,1,SRC010,train
ASB04_004811,1,SRC001,test
ASB04_004812,1,SRC001,train
ASB04_004813,1,SRC010,train
ASB04_004814,1,SRC001,train
ASB04_004815,1,SRC001,train
ASB04_004816,1,SRC012,train
ASB04_004817,1,SRC001,train
ASB04_004818,1,SRC001,train
ASB04_004819,1,SRC001,train
ASB04_004820,1,SRC010,train
ASB04_004821,1,SRC010,train
ASB04_004822,1,SRC001,test
ASB04_004823,1,SRC001,train
ASB04_004824,1,SRC001,train
ASB04_004825,1,SRC010,train
ASB04_004826,1,SRC001,train
ASB04_004827,1,SRC009,train
ASB04_004828,1,SRC001,train
ASB04_004829,1,SRC001,train
ASB04_004830,1,SRC010,train
ASB04_004831,1,SRC010,train
ASB04_004832,1,SRC010,train
ASB04_004833,1,SRC001,train
ASB04_004834,1,SRC002,train
ASB04_004835,1,SRC010,train
ASB04_004836,1,SRC001,test
ASB04_004837,1,SRC010,train
ASB04_004838,1,SRC010,test
ASB04_004839,1,SRC010,train
ASB04_004840,1,SRC001,validation
ASB04_004841,1,SRC001,train
ASB04_004842,1,SRC010,train
ASB04_004843,1,SRC006,train
ASB04_004844,1,SRC001,train
ASB04_004845,1,SRC001,train
ASB04_004846,1,SRC001,train
ASB04_004847,1,SRC009,train
ASB04_004848,1,SRC001,train
ASB04_004849,1,SRC010,train
ASB04_004850,1,SRC002,train
ASB04_004851,1,SRC010,train
ASB04_004852,1,SRC010,train
ASB04_004853,1,SRC010,train
ASB04_004854,1,SRC001,train
ASB04_004855,1,SRC001,test
ASB04_004856,1,SRC001,train
ASB04_004857,1,SRC010,train
ASB04_004858,1,SRC010,validation
ASB04_004859,1,SRC010,validation
ASB04_004860,1,SRC009,train
ASB04_004861,1,SRC001,train
ASB04_004862,1,SRC009,train
ASB04_004863,1,SRC001,train
ASB04_004864,1,SRC010,train
ASB04_004865,1,SRC001,train
ASB04_004866,1,SRC009,test
ASB04_004867,1,SRC010,train
ASB04_004868,1,SRC001,train
ASB04_004869,1,SRC010,train
ASB04_004870,1,SRC001,test
ASB04_004871,1,SRC001,train
ASB04_004872,1,SRC009,train
ASB04_004873,1,SRC001,train
ASB04_004874,1,SRC010,train
ASB04_004875,1,SRC001,validation
ASB04_004876,1,SRC010,validation
ASB04_004877,1,SRC013,train
ASB04_004878,1,SRC001,train
ASB04_004879,1,SRC001,test
ASB04_004880,1,SRC010,train
ASB04_004881,1,SRC001,train
ASB04_004882,1,SRC001,train
ASB04_004883,1,SRC010,test
ASB04_004884,1,SRC004,train
ASB04_004885,1,SRC001,train
ASB04_004886,1,SRC013,train
ASB04_004887,1,SRC001,train
ASB04_004888,1,SRC001,train
ASB04_004889,1,SRC001,test
ASB04_004890,1,SRC010,train
ASB04_004891,1,SRC009,train
ASB04_004892,1,SRC001,train
ASB04_004893,1,SRC001,train
ASB04_004894,1,SRC002,train
ASB04_004895,1,SRC001,train
ASB04_004896,1,SRC012,validation
ASB04_004897,1,SRC010,train
ASB04_004898,1,SRC010,test
ASB04_004899,1,SRC009,train
ASB04_004900,1,SRC001,train
ASB04_004901,1,SRC001,train
ASB04_004902,1,SRC009,train
ASB04_004903,1,SRC001,train
ASB04_004904,1,SRC010,train
ASB04_004905,1,SRC010,train
ASB04_004906,1,SRC009,train
ASB04_004907,1,SRC001,train
ASB04_004908,1,SRC010,train
ASB04_004909,1,SRC010,train
ASB04_004910,1,SRC001,train
ASB04_004911,1,SRC001,train
ASB04_004912,1,SRC001,train
ASB04_004913,1,SRC010,validation
ASB04_004914,1,SRC010,train
ASB04_004915,1,SRC001,train
ASB04_004916,1,SRC001,test
ASB04_004917,1,SRC010,validation
ASB04_004918,1,SRC010,test
ASB04_004919,1,SRC001,train
ASB04_004920,1,SRC013,train
ASB04_004921,1,SRC010,train
ASB04_004922,1,SRC002,train
ASB04_004923,1,SRC001,train
ASB04_004924,1,SRC001,train
ASB04_004925,1,SRC001,train
ASB04_004926,1,SRC001,train
ASB04_004927,1,SRC010,train
ASB04_004928,1,SRC006,train
ASB04_004929,1,SRC010,test
ASB04_004930,1,SRC001,train
ASB04_004931,1,SRC001,test
ASB04_004932,1,SRC001,test
ASB04_004933,1,SRC001,train
ASB04_004934,1,SRC001,train
ASB04_004935,1,SRC010,train
ASB04_004936,1,SRC010,test
ASB04_004937,1,SRC001,train
ASB04_004938,1,SRC010,train
ASB04_004939,1,SRC010,train
ASB04_004940,1,SRC010,test
ASB04_004941,1,SRC001,test
ASB04_004942,1,SRC001,test
ASB04_004943,1,SRC010,train
ASB04_004944,1,SRC001,test
ASB04_004945,1,SRC010,train
ASB04_004946,1,SRC010,test
ASB04_004947,1,SRC001,test
ASB04_004948,1,SRC001,train
ASB04_004949,1,SRC010,test
ASB04_004950,1,SRC004,train
ASB04_004951,1,SRC001,train
ASB04_004952,1,SRC001,train
ASB04_004953,1,SRC001,train
ASB04_004954,1,SRC010,train
ASB04_004955,1,SRC001,test
ASB04_004956,1,SRC001,train
ASB04_004957,1,SRC010,test
ASB04_004958,1,SRC010,train
ASB04_004959,1,SRC009,test
ASB04_004960,1,SRC010,validation
ASB04_004961,1,SRC001,train
ASB04_004962,1,SRC012,train
ASB04_004963,1,SRC001,test
ASB04_004964,1,SRC001,train
ASB04_004965,1,SRC010,validation
ASB04_004966,1,SRC001,train
ASB04_004967,1,SRC001,test
ASB04_004968,1,SRC010,test
ASB04_004969,1,SRC006,validation
ASB04_004970,1,SRC001,validation
ASB04_004971,1,SRC001,train
ASB04_004972,1,SRC010,train
ASB04_004973,1,SRC010,train
ASB04_004974,1,SRC001,train
ASB04_004975,1,SRC010,train
ASB04_004976,1,SRC010,train
ASB04_004977,1,SRC010,test
ASB04_004978,1,SRC009,train
ASB04_004979,1,SRC010,train
ASB04_004980,1,SRC001,test
ASB04_004981,1,SRC001,train
ASB04_004982,1,SRC001,train
ASB04_004983,1,SRC010,train
ASB04_004984,1,SRC009,train
ASB04_004985,1,SRC010,train
ASB04_004986,1,SRC010,train
ASB04_004987,1,SRC010,test
ASB04_004988,1,SRC010,test
ASB04_004989,1,SRC001,train
ASB04_004990,1,SRC011,train
ASB04_004991,1,SRC001,validation
ASB04_004992,1,SRC009,validation
ASB04_004993,1,SRC001,train
ASB04_004994,1,SRC001,train
ASB04_004995,1,SRC013,train
ASB04_004996,1,SRC009,train
ASB04_004997,1,SRC001,train
ASB04_004998,1,SRC001,test
ASB04_004999,1,SRC011,test
ASB04_005000,1,SRC001,train
ASB04_005001,1,SRC010,validation
ASB04_005002,1,SRC001,test
ASB04_005003,1,SRC010,validation
ASB04_005004,1,SRC010,train
ASB04_005005,1,SRC010,test
ASB04_005006,1,SRC010,train
ASB04_005007,1,SRC010,train
ASB04_005008,1,SRC010,train
ASB04_005009,1,SRC010,validation
ASB04_005010,1,SRC001,train
ASB04_005011,1,SRC001,train
ASB04_005012,1,SRC010,train
ASB04_005013,1,SRC001,train
ASB04_005014,1,SRC012,train
ASB04_005015,1,SRC001,train
ASB04_005016,1,SRC001,train
ASB04_005017,1,SRC001,validation
ASB04_005018,1,SRC001,test
ASB04_005019,1,SRC009,train
ASB04_005020,1,SRC010,train
ASB04_005021,1,SRC010,train
ASB04_005022,1,SRC010,train
ASB04_005023,1,SRC010,train
ASB04_005024,1,SRC010,train
ASB04_005025,1,SRC010,test
ASB04_005026,1,SRC010,test
ASB04_005027,1,SRC010,train
ASB04_005028,1,SRC001,train
ASB04_005029,1,SRC001,train
ASB04_005030,1,SRC012,train
ASB04_005031,1,SRC009,train
ASB04_005032,1,SRC001,train
ASB04_005033,1,SRC001,train
ASB04_005034,1,SRC010,train
ASB04_005035,1,SRC001,train
ASB04_005036,1,SRC011,train
ASB04_005037,1,SRC001,test
ASB04_005038,1,SRC010,validation
ASB04_005039,1,SRC001,test
ASB04_005040,1,SRC010,train
ASB04_005041,1,SRC001,train
ASB04_005042,1,SRC001,train
ASB04_005043,1,SRC001,validation
ASB04_005044,1,SRC010,validation
ASB04_005045,1,SRC001,train
ASB04_005046,1,SRC010,train
ASB04_005047,1,SRC010,train
ASB04_005048,1,SRC010,test
ASB04_005049,1,SRC010,train
ASB04_005050,1,SRC001,train
ASB04_005051,1,SRC001,train
ASB04_005052,1,SRC010,validation
ASB04_005053,1,SRC010,train
ASB04_005054,1,SRC009,train
ASB04_005055,1,SRC013,validation
ASB04_005056,1,SRC001,validation
ASB04_005057,1,SRC010,train
ASB04_005058,1,SRC001,train
ASB04_005059,1,SRC010,train
ASB04_005060,1,SRC010,train
ASB04_005061,1,SRC001,train
ASB04_005062,1,SRC001,validation
ASB04_005063,1,SRC001,train
ASB04_005064,1,SRC001,test
ASB04_005065,1,SRC010,train
ASB04_005066,1,SRC001,train
ASB04_005067,1,SRC001,test
ASB04_005068,1,SRC009,train
ASB04_005069,1,SRC001,validation
ASB04_005070,1,SRC002,train
ASB04_005071,1,SRC010,train
ASB04_005072,1,SRC010,train
ASB04_005073,1,SRC001,train
ASB04_005074,1,SRC001,train
ASB04_005075,1,SRC001,train
ASB04_005076,1,SRC001,test
ASB04_005077,1,SRC013,train
ASB04_005078,1,SRC001,test
ASB04_005079,1,SRC001,validation
ASB04_005080,1,SRC010,train
ASB04_005081,1,SRC001,test
ASB04_005082,1,SRC001,train
ASB04_005083,1,SRC002,train
ASB04_005084,1,SRC009,train
ASB04_005085,1,SRC001,train
ASB04_005086,1,SRC010,test
ASB04_005087,1,SRC012,test
ASB04_005088,1,SRC001,validation
ASB04_005089,1,SRC001,train
ASB04_005090,1,SRC010,validation
ASB04_005091,1,SRC010,train
ASB04_005092,1,SRC001,validation
ASB04_005093,1,SRC010,train
ASB04_005094,1,SRC010,test
ASB04_005095,1,SRC010,validation
ASB04_005096,1,SRC009,train
ASB04_005097,1,SRC001,train
ASB04_005098,1,SRC001,train
ASB04_005099,1,SRC010,train
ASB04_005100,1,SRC001,validation
ASB04_005101,1,SRC010,train
ASB04_005102,1,SRC001,test
ASB04_005103,1,SRC001,test
ASB04_005104,1,SRC009,train
ASB04_005105,1,SRC012,train
ASB04_005106,1,SRC001,test
ASB04_005107,1,SRC009,train
ASB04_005108,1,SRC001,train
ASB04_005109,1,SRC009,test
ASB04_005110,1,SRC010,train
ASB04_005111,1,SRC001,test
ASB04_005112,1,SRC010,train
ASB04_005113,1,SRC001,train
ASB04_005114,1,SRC010,validation
ASB04_005115,1,SRC010,train
ASB04_005116,1,SRC001,train
ASB04_005117,1,SRC002,train
ASB04_005118,1,SRC001,train
ASB04_005119,1,SRC001,train
ASB04_005120,1,SRC001,train
ASB04_005121,1,SRC010,train
ASB04_005122,1,SRC010,train
ASB04_005123,1,SRC001,train
ASB04_005124,1,SRC001,train
ASB04_005125,1,SRC001,train
ASB04_005126,1,SRC009,train
ASB04_005127,1,SRC001,train
ASB04_005128,1,SRC001,test
ASB04_005129,1,SRC010,train
ASB04_005130,1,SRC009,train
ASB04_005131,1,SRC006,train
ASB04_005132,1,SRC001,test
ASB04_005133,1,SRC010,test
ASB04_005134,1,SRC001,train
ASB04_005135,1,SRC002,train
ASB04_005136,1,SRC010,train
ASB04_005137,1,SRC001,train
ASB04_005138,1,SRC006,train
ASB04_005139,1,SRC010,train
ASB04_005140,1,SRC010,validation
ASB04_005141,1,SRC001,train
ASB04_005142,1,SRC001,test
ASB04_005143,1,SRC002,train
ASB04_005144,1,SRC001,train
ASB04_005145,1,SRC001,train
ASB04_005146,1,SRC001,train
ASB04_005147,1,SRC010,train
ASB04_005148,1,SRC002,test
ASB04_005149,1,SRC010,train
ASB04_005150,1,SRC010,test
ASB04_005151,1,SRC010,train
ASB04_005152,1,SRC010,train
ASB04_005153,1,SRC010,train
ASB04_005154,1,SRC010,train
ASB04_005155,1,SRC001,test
ASB04_005156,1,SRC001,train
ASB04_005157,1,SRC010,train
ASB04_005158,1,SRC010,train
ASB04_005159,1,SRC010,test
ASB04_005160,1,SRC010,train
ASB04_005161,1,SRC009,test
ASB04_005162,1,SRC010,train
ASB04_005163,1,SRC010,train
ASB04_005164,1,SRC010,test
ASB04_005165,1,SRC010,train
ASB04_005166,1,SRC009,train
ASB04_005167,1,SRC001,validation
ASB04_005168,1,SRC009,train
ASB04_005169,1,SRC001,train
ASB04_005170,1,SRC001,train
ASB04_005171,1,SRC001,train
ASB04_005172,1,SRC009,train
ASB04_005173,1,SRC001,validation
ASB04_005174,1,SRC001,train
ASB04_005175,1,SRC001,test
ASB04_005176,1,SRC001,test
ASB04_005177,1,SRC001,validation
ASB04_005178,1,SRC001,train
ASB04_005179,1,SRC001,test
ASB04_005180,1,SRC010,test
ASB04_005181,1,SRC010,train
ASB04_005182,1,SRC010,train
ASB04_005183,1,SRC009,train
ASB04_005184,1,SRC010,train
ASB04_005185,1,SRC010,test
ASB04_005186,1,SRC001,test
ASB04_005187,1,SRC001,train
ASB04_005188,1,SRC001,test
ASB04_005189,1,SRC010,train
ASB04_005190,1,SRC013,test
ASB04_005191,1,SRC001,train
ASB04_005192,1,SRC001,train
ASB04_005193,1,SRC010,train
ASB04_005194,1,SRC001,train
ASB04_005195,1,SRC001,validation
ASB04_005196,1,SRC001,validation
ASB04_005197,1,SRC010,train
ASB04_005198,1,SRC001,train
ASB04_005199,1,SRC001,train
ASB04_005200,1,SRC001,train
ASB04_005201,1,SRC001,validation
ASB04_005202,1,SRC001,validation
ASB04_005203,1,SRC001,train
ASB04_005204,1,SRC001,test
ASB04_005205,1,SRC010,train
ASB04_005206,1,SRC013,train
ASB04_005207,1,SRC010,train
ASB04_005208,1,SRC010,test
ASB04_005209,1,SRC010,train
ASB04_005210,1,SRC010,validation
ASB04_005211,1,SRC001,train
ASB04_005212,1,SRC001,train
ASB04_005213,1,SRC001,train
ASB04_005214,1,SRC001,train
ASB04_005215,1,SRC002,train
ASB04_005216,1,SRC001,train
ASB04_005217,1,SRC010,train
ASB04_005218,1,SRC010,train
ASB04_005219,1,SRC006,test
ASB04_005220,1,SRC001,test
ASB04_005221,1,SRC010,test
ASB04_005222,1,SRC010,train
ASB04_005223,1,SRC001,train
ASB04_005224,1,SRC001,validation
ASB04_005225,1,SRC001,train
ASB04_005226,1,SRC009,train
ASB04_005227,1,SRC010,train
ASB04_005228,1,SRC001,train
ASB04_005229,1,SRC010,train
ASB04_005230,1,SRC001,train
ASB04_005231,1,SRC002,test
ASB04_005232,1,SRC001,train
ASB04_005233,1,SRC010,test
ASB04_005234,1,SRC001,train
ASB04_005235,1,SRC001,train
ASB04_005236,1,SRC010,train
ASB04_005237,1,SRC001,validation
ASB04_005238,1,SRC001,test
ASB04_005239,1,SRC010,train
ASB04_005240,1,SRC001,train
ASB04_005241,1,SRC010,train
ASB04_005242,1,SRC001,test
ASB04_005243,1,SRC001,test
ASB04_005244,1,SRC010,test
ASB04_005245,1,SRC001,train
ASB04_005246,1,SRC010,train
ASB04_005247,1,SRC010,train
ASB04_005248,1,SRC001,train
ASB04_005249,1,SRC010,test
ASB04_005250,1,SRC010,validation
ASB04_005251,1,SRC001,train
ASB04_005252,1,SRC010,validation
ASB04_005253,1,SRC009,train
ASB04_005254,1,SRC010,train
ASB04_005255,1,SRC001,train
ASB04_005256,1,SRC001,train
ASB04_005257,1,SRC010,train
ASB04_005258,1,SRC010,train
ASB04_005259,1,SRC002,test
ASB04_005260,1,SRC001,train
ASB04_005261,1,SRC001,validation
ASB04_005262,1,SRC001,train
ASB04_005263,1,SRC001,train
ASB04_005264,1,SRC013,train
ASB04_005265,1,SRC013,train
ASB04_005266,1,SRC010,train
ASB04_005267,1,SRC001,train
ASB04_005268,1,SRC001,train
ASB04_005269,1,SRC010,train
ASB04_005270,1,SRC001,train
ASB04_005271,1,SRC010,train
ASB04_005272,1,SRC010,train
ASB04_005273,1,SRC001,train
ASB04_005274,1,SRC010,train
ASB04_005275,1,SRC010,train
ASB04_005276,1,SRC001,test
ASB04_005277,1,SRC010,test
ASB04_005278,1,SRC010,train
ASB04_005279,1,SRC001,train
ASB04_005280,1,SRC010,train
ASB04_005281,1,SRC001,test
ASB04_005282,1,SRC001,train
ASB04_005283,1,SRC001,train
ASB04_005284,1,SRC001,train
ASB04_005285,1,SRC001,train
ASB04_005286,1,SRC001,train
ASB04_005287,1,SRC010,train
ASB04_005288,1,SRC010,test
ASB04_005289,1,SRC001,train
ASB04_005290,1,SRC010,train
ASB04_005291,1,SRC001,train
ASB04_005292,1,SRC001,test
ASB04_005293,1,SRC006,train
ASB04_005294,1,SRC010,train
ASB04_005295,1,SRC001,test
ASB04_005296,1,SRC001,train
ASB04_005297,1,SRC001,train
ASB04_005298,1,SRC004,test
ASB04_005299,1,SRC009,train
ASB04_005300,1,SRC001,test
ASB04_005301,1,SRC001,train
ASB04_005302,1,SRC001,validation
ASB04_005303,1,SRC001,test
ASB04_005304,1,SRC001,train
ASB04_005305,1,SRC001,train
ASB04_005306,1,SRC001,train
ASB04_005307,1,SRC010,train
ASB04_005308,1,SRC001,train
ASB04_005309,1,SRC009,train
ASB04_005310,1,SRC001,train
ASB04_005311,1,SRC001,test
ASB04_005312,1,SRC010,train
ASB04_005313,1,SRC010,train
ASB04_005314,1,SRC001,train
ASB04_005315,1,SRC009,train
ASB04_005316,1,SRC010,train
ASB04_005317,1,SRC006,train
ASB04_005318,1,SRC001,train
ASB04_005319,1,SRC010,train
ASB04_005320,1,SRC001,train
ASB04_005321,1,SRC001,train
ASB04_005322,1,SRC009,train
ASB04_005323,1,SRC001,test
ASB04_005324,1,SRC001,train
ASB04_005325,1,SRC001,train
ASB04_005326,1,SRC001,train
ASB04_005327,1,SRC009,train
ASB04_005328,1,SRC010,train
ASB04_005329,1,SRC001,train
ASB04_005330,1,SRC001,test
ASB04_005331,1,SRC001,test
ASB04_005332,1,SRC010,train
ASB04_005333,1,SRC001,train
ASB04_005334,1,SRC010,train
ASB04_005335,1,SRC001,train
ASB04_005336,1,SRC001,test
ASB04_005337,1,SRC001,train
ASB04_005338,1,SRC009,train
ASB04_005339,1,SRC009,train
ASB04_005340,1,SRC001,train
ASB04_005341,1,SRC010,train
ASB04_005342,1,SRC010,test
ASB04_005343,1,SRC001,train
ASB04_005344,1,SRC010,test
ASB04_005345,1,SRC001,train
ASB04_005346,1,SRC001,test
ASB04_005347,1,SRC012,train
ASB04_005348,1,SRC001,validation
ASB04_005349,1,SRC001,train
ASB04_005350,1,SRC001,train
ASB04_005351,1,SRC010,train
ASB04_005352,1,SRC010,train
ASB04_005353,1,SRC001,train
ASB04_005354,1,SRC009,train
ASB04_005355,1,SRC001,train
ASB04_005356,1,SRC010,test
ASB04_005357,1,SRC010,train
ASB04_005358,1,SRC010,train
ASB04_005359,1,SRC010,train
ASB04_005360,1,SRC009,train
ASB04_005361,1,SRC001,train
ASB04_005362,1,SRC001,train
ASB04_005363,1,SRC010,train
ASB04_005364,1,SRC001,train
ASB04_005365,1,SRC001,validation
ASB04_005366,1,SRC010,train
ASB04_005367,1,SRC001,test
ASB04_005368,1,SRC001,test
ASB04_005369,1,SRC001,train
ASB04_005370,1,SRC010,train
ASB04_005371,1,SRC010,train
ASB04_005372,1,SRC010,train
ASB04_005373,1,SRC001,validation
ASB04_005374,1,SRC001,test
ASB04_005375,1,SRC002,validation
ASB04_005376,1,SRC010,train
ASB04_005377,1,SRC010,train
ASB04_005378,1,SRC013,train
ASB04_005379,1,SRC010,train
ASB04_005380,1,SRC001,train
ASB04_005381,1,SRC001,test
ASB04_005382,1,SRC001,train
ASB04_005383,1,SRC001,train
ASB04_005384,1,SRC010,train
ASB04_005385,1,SRC001,train
ASB04_005386,1,SRC010,validation
ASB04_005387,1,SRC010,train
ASB04_005388,1,SRC010,train
ASB04_005389,1,SRC001,train
ASB04_005390,1,SRC001,train
ASB04_005391,1,SRC010,train
ASB04_005392,1,SRC010,train
ASB04_005393,1,SRC001,train
ASB04_005394,1,SRC009,train
ASB04_005395,1,SRC001,test
ASB04_005396,1,SRC009,train
ASB04_005397,1,SRC001,train
ASB04_005398,1,SRC009,train
ASB04_005399,1,SRC010,train
ASB04_005400,1,SRC001,train
ASB04_005401,1,SRC010,train
ASB04_005402,1,SRC012,train
ASB04_005403,1,SRC009,train
ASB04_005404,1,SRC010,train
ASB04_005405,1,SRC009,train
ASB04_005406,1,SRC001,train
ASB04_005407,1,SRC010,train
ASB04_005408,1,SRC010,train
ASB04_005409,1,SRC010,validation
ASB04_005410,1,SRC010,validation
ASB04_005411,1,SRC001,test
ASB04_005412,1,SRC010,train
ASB04_005413,1,SRC013,train
ASB04_005414,1,SRC001,test
ASB04_005415,1,SRC001,train
ASB04_005416,1,SRC009,train
ASB04_005417,1,SRC010,test
ASB04_005418,1,SRC010,train
ASB04_005419,1,SRC001,train
ASB04_005420,1,SRC010,train
ASB04_005421,1,SRC010,train
ASB04_005422,1,SRC010,train
ASB04_005423,1,SRC010,train
ASB04_005424,1,SRC001,validation
ASB04_005425,1,SRC010,train
ASB04_005426,1,SRC001,train
ASB04_005427,1,SRC001,train
ASB04_005428,1,SRC009,train
ASB04_005429,1,SRC010,train
ASB04_005430,1,SRC010,train
ASB04_005431,1,SRC001,train
ASB04_005432,1,SRC001,train
ASB04_005433,1,SRC010,test
ASB04_005434,1,SRC001,test
ASB04_005435,1,SRC001,train
ASB04_005436,1,SRC001,test
ASB04_005437,1,SRC010,train
ASB04_005438,1,SRC001,train
ASB04_005439,1,SRC001,train
ASB04_005440,1,SRC001,test
ASB04_005441,1,SRC001,train
ASB04_005442,1,SRC010,train
ASB04_005443,1,SRC010,test
ASB04_005444,1,SRC010,validation
ASB04_005445,1,SRC010,train
ASB04_005446,1,SRC001,train
ASB04_005447,1,SRC010,train
ASB04_005448,1,SRC002,train
ASB04_005449,1,SRC009,validation
ASB04_005450,1,SRC001,train
ASB04_005451,1,SRC010,train
ASB04_005452,1,SRC001,test
ASB04_005453,1,SRC010,train
ASB04_005454,1,SRC001,train
ASB04_005455,1,SRC010,train
ASB04_005456,1,SRC001,train
ASB04_005457,1,SRC010,train
ASB04_005458,1,SRC001,train
ASB04_005459,1,SRC001,train
ASB04_005460,1,SRC010,train
ASB04_005461,1,SRC010,train
ASB04_005462,1,SRC001,train
ASB04_005463,1,SRC001,validation
ASB04_005464,1,SRC001,test
ASB04_005465,1,SRC010,train
ASB04_005466,1,SRC001,train
ASB04_005467,1,SRC001,train
ASB04_005468,1,SRC009,train
ASB04_005469,1,SRC010,validation
ASB04_005470,1,SRC009,validation
ASB04_005471,1,SRC001,train
ASB04_005472,1,SRC010,train
ASB04_005473,1,SRC001,test
ASB04_005474,1,SRC001,train
ASB04_005475,1,SRC009,train
ASB04_005476,1,SRC010,train
ASB04_005477,1,SRC001,validation
ASB04_005478,1,SRC001,train
ASB04_005479,1,SRC001,validation
ASB04_005480,1,SRC001,train
ASB04_005481,1,SRC010,test
ASB04_005482,1,SRC001,train
ASB04_005483,1,SRC009,validation
ASB04_005484,1,SRC001,validation
ASB04_005485,1,SRC001,train
ASB04_005486,1,SRC001,train
ASB04_005487,1,SRC001,train
ASB04_005488,1,SRC001,train
ASB04_005489,1,SRC001,train
ASB04_005490,1,SRC010,train
ASB04_005491,1,SRC001,train
ASB04_005492,1,SRC001,train
ASB04_005493,1,SRC001,train
ASB04_005494,1,SRC001,train
ASB04_005495,1,SRC006,test
ASB04_005496,1,SRC001,train
ASB04_005497,1,SRC001,train
ASB04_005498,1,SRC001,train
ASB04_005499,1,SRC001,validation
ASB04_005500,1,SRC010,test
ASB04_005501,1,SRC001,train
ASB04_005502,1,SRC001,train
ASB04_005503,1,SRC001,train
ASB04_005504,1,SRC001,train
ASB04_005505,1,SRC010,train
ASB04_005506,1,SRC009,train
ASB04_005507,1,SRC009,train
ASB04_005508,1,SRC010,train
ASB04_005509,1,SRC010,train
ASB04_005510,1,SRC001,test
ASB04_005511,1,SRC001,test
ASB04_005512,1,SRC010,validation
ASB04_005513,1,SRC010,test
ASB04_005514,1,SRC009,validation
ASB04_005515,1,SRC001,test
ASB04_005516,1,SRC009,train
ASB04_005517,1,SRC002,train
ASB04_005518,1,SRC010,train
ASB04_005519,1,SRC001,train
ASB04_005520,1,SRC010,test
ASB04_005521,1,SRC001,train
ASB04_005522,1,SRC001,test
ASB04_005523,1,SRC010,train
ASB04_005524,1,SRC001,train
ASB04_005525,1,SRC001,validation
ASB04_005526,1,SRC001,validation
ASB04_005527,1,SRC010,test
ASB04_005528,1,SRC001,train
ASB04_005529,1,SRC001,train
ASB04_005530,1,SRC010,train
ASB04_005531,1,SRC010,train
ASB04_005532,1,SRC001,train
ASB04_005533,1,SRC001,test
ASB04_005534,1,SRC010,train
ASB04_005535,1,SRC001,train
ASB04_005536,1,SRC001,validation
ASB04_005537,1,SRC010,test
ASB04_005538,1,SRC006,train
ASB04_005539,1,SRC010,train
ASB04_005540,1,SRC010,train
ASB04_005541,1,SRC010,validation
ASB04_005542,1,SRC001,train
ASB04_005543,1,SRC010,test
ASB04_005544,1,SRC001,test
ASB04_005545,1,SRC002,train
ASB04_005546,1,SRC010,train
ASB04_005547,1,SRC001,test
ASB04_005548,1,SRC010,train
ASB04_005549,1,SRC010,test
ASB04_005550,1,SRC001,train
ASB04_005551,1,SRC009,train
ASB04_005552,1,SRC010,train
ASB04_005553,1,SRC010,test
ASB04_005554,1,SRC001,test
ASB04_005555,1,SRC009,train
ASB04_005556,1,SRC001,train
ASB04_005557,1,SRC001,train
ASB04_005558,1,SRC010,validation
ASB04_005559,1,SRC010,train
ASB04_005560,1,SRC001,train
ASB04_005561,1,SRC010,test
ASB04_005562,1,SRC001,test
ASB04_005563,1,SRC001,train
ASB04_005564,1,SRC010,train
ASB04_005565,1,SRC010,train
ASB04_005566,1,SRC010,validation
ASB04_005567,1,SRC001,train
ASB04_005568,1,SRC001,train
ASB04_005569,1,SRC001,train
ASB04_005570,1,SRC010,test
ASB04_005571,1,SRC010,train
ASB04_005572,1,SRC010,test
ASB04_005573,1,SRC001,train
ASB04_005574,1,SRC001,train
ASB04_005575,1,SRC001,test
ASB04_005576,1,SRC010,test
ASB04_005577,1,SRC010,validation
ASB04_005578,1,SRC001,train
ASB04_005579,1,SRC010,test
ASB04_005580,1,SRC010,train
ASB04_005581,1,SRC001,train
ASB04_005582,1,SRC010,train
ASB04_005583,1,SRC010,test
ASB04_005584,1,SRC001,train
ASB04_005585,1,SRC010,train
ASB04_005586,1,SRC010,test
ASB04_005587,1,SRC001,test
ASB04_005588,1,SRC010,train
ASB04_005589,1,SRC001,test
ASB04_005590,1,SRC001,train
ASB04_005591,1,SRC010,validation
ASB04_005592,1,SRC010,test
ASB04_005593,1,SRC001,train
ASB04_005594,1,SRC010,train
ASB04_005595,1,SRC012,train
ASB04_005596,1,SRC006,train
ASB04_005597,1,SRC009,test
ASB04_005598,1,SRC001,train
ASB04_005599,1,SRC010,validation
ASB04_005600,1,SRC009,train
ASB04_005601,1,SRC010,train
ASB04_005602,1,SRC001,test
ASB04_005603,1,SRC001,validation
ASB04_005604,1,SRC001,train
ASB04_005605,1,SRC001,train
ASB04_005606,1,SRC001,train
ASB04_005607,1,SRC001,train
ASB04_005608,1,SRC001,test
ASB04_005609,1,SRC001,train
ASB04_005610,1,SRC010,train
ASB04_005611,1,SRC009,train
ASB04_005612,1,SRC001,validation
ASB04_005613,1,SRC010,train
ASB04_005614,1,SRC010,train
ASB04_005615,1,SRC001,train
ASB04_005616,1,SRC001,train
ASB04_005617,1,SRC010,train
ASB04_005618,1,SRC001,train
ASB04_005619,1,SRC001,train
ASB04_005620,1,SRC010,validation
ASB04_005621,1,SRC006,train
ASB04_005622,1,SRC004,validation
ASB04_005623,1,SRC001,train
ASB04_005624,1,SRC010,train
ASB04_005625,1,SRC009,test
ASB04_005626,1,SRC001,train
ASB04_005627,1,SRC010,test
ASB04_005628,1,SRC010,train
ASB04_005629,1,SRC001,train
ASB04_005630,1,SRC010,train
ASB04_005631,1,SRC001,test
ASB04_005632,1,SRC010,train
ASB04_005633,1,SRC001,train
ASB04_005634,1,SRC010,train
ASB04_005635,1,SRC010,train
ASB04_005636,1,SRC010,train
ASB04_005637,1,SRC001,validation
ASB04_005638,1,SRC010,train
ASB04_005639,1,SRC001,train
ASB04_005640,1,SRC006,train
ASB04_005641,1,SRC002,train
ASB04_005642,1,SRC001,train
ASB04_005643,1,SRC001,train
ASB04_005644,1,SRC010,test
ASB04_005645,1,SRC013,train
ASB04_005646,1,SRC009,train
ASB04_005647,1,SRC001,train
ASB04_005648,1,SRC010,validation
ASB04_005649,1,SRC001,train
ASB04_005650,1,SRC001,train
ASB04_005651,1,SRC001,train
ASB04_005652,1,SRC009,train
ASB04_005653,1,SRC010,train
ASB04_005654,1,SRC005,train
ASB04_005655,1,SRC001,train
ASB04_005656,1,SRC010,train
ASB04_005657,1,SRC001,test
ASB04_005658,1,SRC010,train
ASB04_005659,1,SRC001,train
ASB04_005660,1,SRC001,test
ASB04_005661,1,SRC001,train
ASB04_005662,1,SRC010,test
ASB04_005663,1,SRC001,train
ASB04_005664,1,SRC001,train
ASB04_005665,1,SRC010,train
ASB04_005666,1,SRC010,train
ASB04_005667,1,SRC010,train
ASB04_005668,1,SRC001,train
ASB04_005669,1,SRC010,validation
ASB04_005670,1,SRC001,train
ASB04_005671,1,SRC009,test
ASB04_005672,1,SRC009,test
ASB04_005673,1,SRC010,validation
ASB04_005674,1,SRC010,test
ASB04_005675,1,SRC001,train
ASB04_005676,1,SRC001,test
ASB04_005677,1,SRC001,train
ASB04_005678,1,SRC010,train
ASB04_005679,1,SRC010,validation
ASB04_005680,1,SRC002,train
ASB04_005681,1,SRC001,train
ASB04_005682,1,SRC010,train
ASB04_005683,1,SRC009,train
ASB04_005684,1,SRC010,test
ASB04_005685,1,SRC001,train
ASB04_005686,1,SRC010,train
ASB04_005687,1,SRC001,test
ASB04_005688,1,SRC010,train
ASB04_005689,1,SRC001,train
ASB04_005690,1,SRC005,train
ASB04_005691,1,SRC010,train
ASB04_005692,1,SRC001,validation
ASB04_005693,1,SRC001,test
ASB04_005694,1,SRC001,test
ASB04_005695,1,SRC001,train
ASB04_005696,1,SRC011,test
ASB04_005697,1,SRC010,train
ASB04_005698,1,SRC001,train
ASB04_005699,1,SRC001,train
ASB04_005700,1,SRC001,test
ASB04_005701,1,SRC001,train
ASB04_005702,1,SRC012,validation
ASB04_005703,1,SRC001,train
ASB04_005704,1,SRC010,train
ASB04_005705,1,SRC010,train
ASB04_005706,1,SRC001,train
ASB04_005707,1,SRC001,test
ASB04_005708,1,SRC010,train
ASB04_005709,1,SRC010,train
ASB04_005710,1,SRC001,train
ASB04_005711,1,SRC010,train
ASB04_005712,1,SRC001,train
ASB04_005713,1,SRC010,train
ASB04_005714,1,SRC005,train
ASB04_005715,1,SRC010,train
ASB04_005716,1,SRC009,train
ASB04_005717,1,SRC001,train
ASB04_005718,1,SRC001,test
ASB04_005719,1,SRC001,train
ASB04_005720,1,SRC001,train
ASB04_005721,1,SRC010,train
ASB04_005722,1,SRC012,train
ASB04_005723,1,SRC010,train
ASB04_005724,1,SRC001,train
ASB04_005725,1,SRC010,train
ASB04_005726,1,SRC001,train
ASB04_005727,1,SRC010,train
ASB04_005728,1,SRC001,train
ASB04_005729,1,SRC001,train
ASB04_005730,1,SRC010,train
ASB04_005731,1,SRC010,train
ASB04_005732,1,SRC001,train
ASB04_005733,1,SRC010,train
ASB04_005734,1,SRC001,train
ASB04_005735,1,SRC010,train
ASB04_005736,1,SRC001,train
ASB04_005737,1,SRC012,test
ASB04_005738,1,SRC001,train
ASB04_005739,1,SRC010,test
ASB04_005740,1,SRC010,train
ASB04_005741,1,SRC010,train
ASB04_005742,1,SRC001,train
ASB04_005743,1,SRC001,train
ASB04_005744,1,SRC010,test
ASB04_005745,1,SRC009,validation
ASB04_005746,1,SRC001,test
ASB04_005747,1,SRC013,train
ASB04_005748,1,SRC010,train
ASB04_005749,1,SRC010,train
ASB04_005750,1,SRC001,train
ASB04_005751,1,SRC001,train
ASB04_005752,1,SRC001,test
ASB04_005753,1,SRC009,test
ASB04_005754,1,SRC010,test
ASB04_005755,1,SRC001,train
ASB04_005756,1,SRC001,test
ASB04_005757,1,SRC001,train
ASB04_005758,1,SRC001,train
ASB04_005759,1,SRC009,train
ASB04_005760,1,SRC001,train
ASB04_005761,1,SRC009,train
ASB04_005762,1,SRC001,train
ASB04_005763,1,SRC010,train
ASB04_005764,1,SRC010,test
ASB04_005765,1,SRC009,test
ASB04_005766,1,SRC001,train
ASB04_005767,1,SRC001,train
ASB04_005768,1,SRC009,validation
ASB04_005769,1,SRC009,train
ASB04_005770,1,SRC001,validation
ASB04_005771,1,SRC010,train
ASB04_005772,1,SRC010,test
ASB04_005773,1,SRC010,test
ASB04_005774,1,SRC001,test
ASB04_005775,1,SRC010,test
ASB04_005776,1,SRC010,train
ASB04_005777,1,SRC001,validation
ASB04_005778,1,SRC001,test
ASB04_005779,1,SRC001,validation
ASB04_005780,1,SRC010,test
ASB04_005781,1,SRC001,train
ASB04_005782,1,SRC010,train
ASB04_005783,1,SRC001,validation
ASB04_005784,1,SRC010,validation
ASB04_005785,1,SRC010,validation
ASB04_005786,1,SRC010,train
ASB04_005787,1,SRC010,train
ASB04_005788,1,SRC010,train
ASB04_005789,1,SRC010,train
ASB04_005790,1,SRC001,test
ASB04_005791,1,SRC012,train
ASB04_005792,1,SRC010,train
ASB04_005793,1,SRC009,train
ASB04_005794,1,SRC001,validation
ASB04_005795,1,SRC001,train
ASB04_005796,1,SRC010,train
ASB04_005797,1,SRC001,train
ASB04_005798,1,SRC009,test
ASB04_005799,1,SRC010,train
ASB04_005800,1,SRC001,train
ASB04_005801,1,SRC010,test
ASB04_005802,1,SRC013,train
ASB04_005803,1,SRC010,train
ASB04_005804,1,SRC001,test
ASB04_005805,1,SRC010,train
ASB04_005806,1,SRC001,train
ASB04_005807,1,SRC001,test
ASB04_005808,1,SRC009,train
ASB04_005809,1,SRC001,test
ASB04_005810,1,SRC010,train
ASB04_005811,1,SRC001,test
ASB04_005812,1,SRC010,test
ASB04_005813,1,SRC009,train
ASB04_005814,1,SRC010,train
ASB04_005815,1,SRC010,train
ASB04_005816,1,SRC010,train
ASB04_005817,1,SRC006,train
ASB04_005818,1,SRC009,train
ASB04_005819,1,SRC001,train
ASB04_005820,1,SRC001,train
ASB04_005821,1,SRC010,train
ASB04_005822,1,SRC010,train
ASB04_005823,1,SRC010,train
ASB04_005824,1,SRC006,test
ASB04_005825,1,SRC001,train
ASB04_005826,1,SRC010,train
ASB04_005827,1,SRC010,train
ASB04_005828,1,SRC009,test
ASB04_005829,1,SRC001,train
ASB04_005830,1,SRC001,train
ASB04_005831,1,SRC009,train
ASB04_005832,1,SRC010,train
ASB04_005833,1,SRC010,train
ASB04_005834,1,SRC001,test
ASB04_005835,1,SRC002,train
ASB04_005836,1,SRC001,test
ASB04_005837,1,SRC001,train
ASB04_005838,1,SRC002,train
ASB04_005839,1,SRC001,train
ASB04_005840,1,SRC010,train
ASB04_005841,1,SRC001,train
ASB04_005842,1,SRC001,train
ASB04_005843,1,SRC001,test
ASB04_005844,1,SRC001,validation
ASB04_005845,1,SRC001,validation
ASB04_005846,1,SRC001,test
ASB04_005847,1,SRC001,train
ASB04_005848,1,SRC006,train
ASB04_005849,1,SRC010,train
ASB04_005850,1,SRC001,train
ASB04_005851,1,SRC001,test
ASB04_005852,1,SRC001,train
ASB04_005853,1,SRC010,train
ASB04_005854,1,SRC001,train
ASB04_005855,1,SRC010,validation
ASB04_005856,1,SRC010,train
ASB04_005857,1,SRC010,train
ASB04_005858,1,SRC001,train
ASB04_005859,1,SRC010,train
ASB04_005860,1,SRC001,train
ASB04_005861,1,SRC001,test
ASB04_005862,1,SRC010,train
ASB04_005863,1,SRC001,train
ASB04_005864,1,SRC010,train
ASB04_005865,1,SRC001,validation
ASB04_005866,1,SRC001,train
ASB04_005867,1,SRC001,train
ASB04_005868,1,SRC010,test
ASB04_005869,1,SRC010,train
ASB04_005870,1,SRC001,train
ASB04_005871,1,SRC010,train
ASB04_005872,1,SRC010,test
ASB04_005873,1,SRC001,test
ASB04_005874,1,SRC001,train
ASB04_005875,1,SRC001,train
ASB04_005876,1,SRC002,train
ASB04_005877,1,SRC001,train
ASB04_005878,1,SRC009,train
ASB04_005879,1,SRC010,train
ASB04_005880,1,SRC001,test
ASB04_005881,1,SRC001,test
ASB04_005882,1,SRC010,train
ASB04_005883,1,SRC002,train
ASB04_005884,1,SRC004,train
ASB04_005885,1,SRC010,train
ASB04_005886,1,SRC010,train
ASB04_005887,1,SRC010,test
ASB04_005888,1,SRC001,validation
ASB04_005889,1,SRC009,train
ASB04_005890,1,SRC001,test
ASB04_005891,1,SRC010,test
ASB04_005892,1,SRC001,test
ASB04_005893,1,SRC009,train
ASB04_005894,1,SRC001,train
ASB04_005895,1,SRC010,train
ASB04_005896,1,SRC010,test
ASB04_005897,1,SRC009,train
ASB04_005898,1,SRC001,test
ASB04_005899,1,SRC010,test
ASB04_005900,1,SRC009,test
ASB04_005901,1,SRC009,test
ASB04_005902,1,SRC009,validation
ASB04_005903,1,SRC010,train
ASB04_005904,1,SRC001,train
ASB04_005905,1,SRC010,train
ASB04_005906,1,SRC006,train
ASB04_005907,1,SRC001,test
ASB04_005908,1,SRC001,test
ASB04_005909,1,SRC010,train
ASB04_005910,1,SRC010,train
ASB04_005911,1,SRC001,validation
ASB04_005912,1,SRC010,train
ASB04_005913,1,SRC009,validation
ASB04_005914,1,SRC010,train
ASB04_005915,1,SRC002,train
ASB04_005916,1,SRC001,train
ASB04_005917,1,SRC010,train
ASB04_005918,1,SRC010,test
ASB04_005919,1,SRC010,train
ASB04_005920,1,SRC010,train
ASB04_005921,1,SRC010,train
ASB04_005922,1,SRC010,train
ASB04_005923,1,SRC001,train
ASB04_005924,1,SRC001,train
ASB04_005925,1,SRC001,train
ASB04_005926,1,SRC001,validation
ASB04_005927,1,SRC001,validation
ASB04_005928,1,SRC010,train
ASB04_005929,1,SRC001,train
ASB04_005930,1,SRC009,validation
ASB04_005931,1,SRC010,train
ASB04_005932,1,SRC001,train
ASB04_005933,1,SRC001,validation
ASB04_005934,1,SRC001,train
ASB04_005935,1,SRC001,validation
ASB04_005936,1,SRC001,train
ASB04_005937,1,SRC001,train
ASB04_005938,1,SRC010,train
ASB04_005939,1,SRC001,train
ASB04_005940,1,SRC013,train
ASB04_005941,1,SRC010,train
ASB04_005942,1,SRC010,train
ASB04_005943,1,SRC010,train
ASB04_005944,1,SRC010,test
ASB04_005945,1,SRC010,train
ASB04_005946,1,SRC001,train
ASB04_005947,1,SRC010,test
ASB04_005948,1,SRC010,validation
ASB04_005949,1,SRC001,validation
ASB04_005950,1,SRC010,train
ASB04_005951,1,SRC001,train
ASB04_005952,1,SRC010,validation
ASB04_005953,1,SRC009,train
ASB04_005954,1,SRC001,train
ASB04_005955,1,SRC001,train
ASB04_005956,1,SRC001,train
ASB04_005957,1,SRC010,train
ASB04_005958,1,SRC001,train
ASB04_005959,1,SRC001,train
ASB04_005960,1,SRC010,validation
ASB04_005961,1,SRC009,train
ASB04_005962,1,SRC010,train
ASB04_005963,1,SRC010,test
ASB04_005964,1,SRC001,train
ASB04_005965,1,SRC001,train
ASB04_005966,1,SRC010,train
ASB04_005967,1,SRC002,train
ASB04_005968,1,SRC001,train
ASB04_005969,1,SRC013,test
ASB04_005970,1,SRC009,train
ASB04_005971,1,SRC009,train
ASB04_005972,1,SRC001,test
ASB04_005973,1,SRC001,train
ASB04_005974,1,SRC010,train
ASB04_005975,1,SRC001,train
ASB04_005976,1,SRC001,train
ASB04_005977,1,SRC010,test
ASB04_005978,1,SRC010,train
ASB04_005979,1,SRC001,validation
ASB04_005980,1,SRC010,validation
ASB04_005981,1,SRC001,train
ASB04_005982,1,SRC001,train
ASB04_005983,1,SRC010,test
ASB04_005984,1,SRC001,train
ASB04_005985,1,SRC001,train
ASB04_005986,1,SRC009,validation
ASB04_005987,1,SRC010,test
ASB04_005988,1,SRC001,train
ASB04_005989,1,SRC001,train
ASB04_005990,1,SRC001,train
ASB04_005991,1,SRC010,train
ASB04_005992,1,SRC009,train
ASB04_005993,1,SRC001,train
ASB04_005994,1,SRC001,train
ASB04_005995,1,SRC010,train
ASB04_005996,1,SRC010,test
ASB04_005997,1,SRC013,train
ASB04_005998,1,SRC010,test
ASB04_005999,1,SRC010,train
ASB04_006000,1,SRC001,validation
ASB04_006001,1,SRC001,train
ASB04_006002,1,SRC001,train
ASB04_006003,1,SRC001,train
ASB04_006004,1,SRC009,train
ASB04_006005,1,SRC001,train
ASB04_006006,1,SRC001,train
ASB04_006007,1,SRC001,test
ASB04_006008,1,SRC010,test
ASB04_006009,1,SRC010,train
ASB04_006010,1,SRC001,train
ASB04_006011,1,SRC001,train
ASB04_006012,1,SRC010,validation
ASB04_006013,1,SRC001,train
ASB04_006014,1,SRC001,train
ASB04_006015,1,SRC009,test
ASB04_006016,1,SRC009,train
ASB04_006017,1,SRC001,train
ASB04_006018,1,SRC010,train
ASB04_006019,1,SRC010,test
ASB04_006020,1,SRC001,validation
ASB04_006021,1,SRC010,validation
ASB04_006022,1,SRC010,train
ASB04_006023,1,SRC013,train
ASB04_006024,1,SRC001,test
ASB04_006025,1,SRC009,test
ASB04_006026,1,SRC001,train
ASB04_006027,1,SRC002,test
ASB04_006028,1,SRC010,test
ASB04_006029,1,SRC010,train
ASB04_006030,1,SRC009,train
ASB04_006031,1,SRC001,train
ASB04_006032,1,SRC010,test
ASB04_006033,1,SRC004,train
ASB04_006034,1,SRC001,train
ASB04_006035,1,SRC001,test
ASB04_006036,1,SRC010,train
ASB04_006037,1,SRC001,test
ASB04_006038,1,SRC001,train
ASB04_006039,1,SRC001,test
ASB04_006040,1,SRC010,train
ASB04_006041,1,SRC010,test
ASB04_006042,1,SRC010,train
ASB04_006043,1,SRC001,train
ASB04_006044,1,SRC009,train
ASB04_006045,1,SRC010,test
ASB04_006046,1,SRC010,validation
ASB04_006047,1,SRC001,train
ASB04_006048,1,SRC001,train
ASB04_006049,1,SRC001,validation
ASB04_006050,1,SRC009,validation
ASB04_006051,1,SRC010,train
ASB04_006052,1,SRC009,train
ASB04_006053,1,SRC010,test
ASB04_006054,1,SRC001,train
ASB04_006055,1,SRC001,train
ASB04_006056,1,SRC001,test
ASB04_006057,1,SRC010,train
ASB04_006058,1,SRC010,train
ASB04_006059,1,SRC001,train
ASB04_006060,1,SRC001,train
ASB04_006061,1,SRC010,train
ASB04_006062,1,SRC010,train
ASB04_006063,1,SRC010,train
ASB04_006064,1,SRC001,test
ASB04_006065,1,SRC001,train
ASB04_006066,1,SRC010,train
ASB04_006067,1,SRC001,train
ASB04_006068,1,SRC001,train
ASB04_006069,1,SRC001,train
ASB04_006070,1,SRC001,train
ASB04_006071,1,SRC010,validation
ASB04_006072,1,SRC001,train
ASB04_006073,1,SRC001,train
ASB04_006074,1,SRC001,train
ASB04_006075,1,SRC001,train
ASB04_006076,1,SRC002,validation
ASB04_006077,1,SRC001,test
ASB04_006078,1,SRC010,train
ASB04_006079,1,SRC010,train
ASB04_006080,1,SRC009,train
ASB04_006081,1,SRC001,train
ASB04_006082,1,SRC010,train
ASB04_006083,1,SRC010,train
ASB04_006084,1,SRC010,train
ASB04_006085,1,SRC001,validation
ASB04_006086,1,SRC009,train
ASB04_006087,1,SRC010,test
ASB04_006088,1,SRC001,train
ASB04_006089,1,SRC006,train
ASB04_006090,1,SRC001,train
ASB04_006091,1,SRC010,train
ASB04_006092,1,SRC001,train
ASB04_006093,1,SRC010,train
ASB04_006094,1,SRC009,test
ASB04_006095,1,SRC001,train
ASB04_006096,1,SRC001,train
ASB04_006097,1,SRC009,train
ASB04_006098,1,SRC001,test
ASB04_006099,1,SRC001,validation
ASB04_006100,1,SRC010,validation
ASB04_006101,1,SRC009,train
ASB04_006102,1,SRC010,train
ASB04_006103,1,SRC010,train
ASB04_006104,1,SRC010,train
ASB04_006105,1,SRC009,test
ASB04_006106,1,SRC002,train
ASB04_006107,1,SRC001,test
ASB04_006108,1,SRC001,test
ASB04_006109,1,SRC001,train
ASB04_006110,1,SRC001,train
ASB04_006111,1,SRC001,train
ASB04_006112,1,SRC010,train
ASB04_006113,1,SRC001,train
ASB04_006114,1,SRC009,train
ASB04_006115,1,SRC010,train
ASB04_006116,1,SRC009,test
ASB04_006117,1,SRC010,test
ASB04_006118,1,SRC001,train
ASB04_006119,1,SRC010,train
ASB04_006120,1,SRC001,train
ASB04_006121,1,SRC001,train
ASB04_006122,1,SRC010,train
ASB04_006123,1,SRC001,train
ASB04_006124,1,SRC006,train
ASB04_006125,1,SRC001,validation
ASB04_006126,1,SRC010,train
ASB04_006127,1,SRC001,train
ASB04_006128,1,SRC009,train
ASB04_006129,1,SRC010,train
ASB04_006130,1,SRC001,train
ASB04_006131,1,SRC001,test
ASB04_006132,1,SRC010,train
ASB04_006133,1,SRC011,validation
ASB04_006134,1,SRC001,train
ASB04_006135,1,SRC010,train
ASB04_006136,1,SRC009,train
ASB04_006137,1,SRC001,train
ASB04_006138,1,SRC010,train
ASB04_006139,1,SRC001,validation
ASB04_006140,1,SRC002,train
ASB04_006141,1,SRC001,test
ASB04_006142,1,SRC010,train
ASB04_006143,1,SRC010,test
ASB04_006144,1,SRC010,train
ASB04_006145,1,SRC010,test
ASB04_006146,1,SRC010,train
ASB04_006147,1,SRC001,validation
ASB04_006148,1,SRC001,test
ASB04_006149,1,SRC010,train
ASB04_006150,1,SRC009,validation
ASB04_006151,1,SRC001,train
ASB04_006152,1,SRC010,test
ASB04_006153,1,SRC010,train
ASB04_006154,1,SRC010,train
ASB04_006155,1,SRC010,train
ASB04_006156,1,SRC006,train
ASB04_006157,1,SRC009,train
ASB04_006158,1,SRC001,train
ASB04_006159,1,SRC010,train
ASB04_006160,1,SRC010,train
ASB04_006161,1,SRC010,train
ASB04_006162,1,SRC010,train
ASB04_006163,1,SRC010,train
ASB04_006164,1,SRC001,train
ASB04_006165,1,SRC010,test
ASB04_006166,1,SRC001,test
ASB04_006167,1,SRC001,train
ASB04_006168,1,SRC008,train
ASB04_006169,1,SRC001,train
ASB04_006170,1,SRC010,train
ASB04_006171,1,SRC010,train
ASB04_006172,1,SRC010,test
ASB04_006173,1,SRC001,validation
ASB04_006174,1,SRC010,train
ASB04_006175,1,SRC001,train
ASB04_006176,1,SRC001,validation
ASB04_006177,1,SRC001,validation
ASB04_006178,1,SRC001,train
ASB04_006179,1,SRC001,train
ASB04_006180,1,SRC010,train
ASB04_006181,1,SRC013,test
ASB04_006182,1,SRC010,validation
ASB04_006183,1,SRC001,train
ASB04_006184,1,SRC001,train
ASB04_006185,1,SRC002,validation
ASB04_006186,1,SRC001,train
ASB04_006187,1,SRC010,test
ASB04_006188,1,SRC010,train
ASB04_006189,1,SRC010,train
ASB04_006190,1,SRC010,train
ASB04_006191,1,SRC010,train
ASB04_006192,1,SRC001,train
ASB04_006193,1,SRC001,train
ASB04_006194,1,SRC001,train
ASB04_006195,1,SRC010,train
ASB04_006196,1,SRC002,train
ASB04_006197,1,SRC001,train
ASB04_006198,1,SRC010,train
ASB04_006199,1,SRC001,train
ASB04_006200,1,SRC010,train
ASB04_006201,1,SRC001,train
ASB04_006202,1,SRC010,train
ASB04_006203,1,SRC001,train
ASB04_006204,1,SRC001,train
ASB04_006205,1,SRC010,train
ASB04_006206,1,SRC001,train
ASB04_006207,1,SRC001,train
ASB04_006208,1,SRC002,test
ASB04_006209,1,SRC001,validation
ASB04_006210,1,SRC010,train
ASB04_006211,1,SRC001,train
ASB04_006212,1,SRC010,train
ASB04_006213,1,SRC001,train
ASB04_006214,1,SRC010,train
ASB04_006215,1,SRC001,train
ASB04_006216,1,SRC001,train
ASB04_006217,1,SRC010,train
ASB04_006218,1,SRC013,train
ASB04_006219,1,SRC010,train
ASB04_006220,1,SRC010,test
ASB04_006221,1,SRC001,test
ASB04_006222,1,SRC001,validation
ASB04_006223,1,SRC001,validation
ASB04_006224,1,SRC001,train
ASB04_006225,1,SRC010,train
ASB04_006226,1,SRC009,train
ASB04_006227,1,SRC010,train
ASB04_006228,1,SRC001,test
ASB04_006229,1,SRC001,train
ASB04_006230,1,SRC001,train
ASB04_006231,1,SRC009,test
ASB04_006232,1,SRC001,train
ASB04_006233,1,SRC010,test
ASB04_006234,1,SRC009,train
ASB04_006235,1,SRC010,train
ASB04_006236,1,SRC001,train
ASB04_006237,1,SRC010,train
ASB04_006238,1,SRC010,train
ASB04_006239,1,SRC010,train
ASB04_006240,1,SRC010,train
ASB04_006241,1,SRC010,train
ASB04_006242,1,SRC001,train
ASB04_006243,1,SRC001,train
ASB04_006244,1,SRC010,train
ASB04_006245,1,SRC001,train
ASB04_006246,1,SRC012,train
ASB04_006247,1,SRC010,test
ASB04_006248,1,SRC001,train
ASB04_006249,1,SRC010,train
ASB04_006250,1,SRC001,validation
ASB04_006251,1,SRC010,train
ASB04_006252,1,SRC010,test
ASB04_006253,1,SRC006,train
ASB04_006254,1,SRC001,train
ASB04_006255,1,SRC001,train
ASB04_006256,1,SRC010,train
ASB04_006257,1,SRC010,test
ASB04_006258,1,SRC010,test
ASB04_006259,1,SRC001,train
ASB04_006260,1,SRC009,train
ASB04_006261,1,SRC006,train
ASB04_006262,1,SRC010,train
ASB04_006263,1,SRC004,train
ASB04_006264,1,SRC001,train
ASB04_006265,1,SRC001,test
ASB04_006266,1,SRC010,test
ASB04_006267,1,SRC001,train
ASB04_006268,1,SRC009,test
ASB04_006269,1,SRC001,test
ASB04_006270,1,SRC006,train
ASB04_006271,1,SRC001,train
ASB04_006272,1,SRC010,train
ASB04_006273,1,SRC010,test
ASB04_006274,1,SRC001,test
ASB04_006275,1,SRC002,test
ASB04_006276,1,SRC001,train
ASB04_006277,1,SRC010,train
ASB04_006278,1,SRC010,train
ASB04_006279,1,SRC001,train
ASB04_006280,1,SRC010,test
ASB04_006281,1,SRC010,test
ASB04_006282,1,SRC001,test
ASB04_006283,1,SRC010,train
ASB04_006284,1,SRC001,train
ASB04_006285,1,SRC010,train
ASB04_006286,1,SRC001,test
ASB04_006287,1,SRC010,test
ASB04_006288,1,SRC001,test
ASB04_006289,1,SRC001,validation
ASB04_006290,1,SRC001,train
ASB04_006291,1,SRC001,train
ASB04_006292,1,SRC001,train
ASB04_006293,1,SRC010,validation
ASB04_006294,1,SRC010,test
ASB04_006295,1,SRC006,validation
ASB04_006296,1,SRC001,train
ASB04_006297,1,SRC010,train
ASB04_006298,1,SRC001,train
ASB04_006299,1,SRC001,test
ASB04_006300,1,SRC001,test
ASB04_006301,1,SRC001,train
ASB04_006302,1,SRC001,train
ASB04_006303,1,SRC010,test
ASB04_006304,1,SRC011,test
ASB04_006305,1,SRC010,validation
ASB04_006306,1,SRC010,train
ASB04_006307,1,SRC013,train
ASB04_006308,1,SRC001,train
ASB04_006309,1,SRC010,train
ASB04_006310,1,SRC001,train
ASB04_006311,1,SRC001,train
ASB04_006312,1,SRC009,validation
ASB04_006313,1,SRC013,train
ASB04_006314,1,SRC001,validation
ASB04_006315,1,SRC001,train
ASB04_006316,1,SRC010,validation
ASB04_006317,1,SRC001,validation
ASB04_006318,1,SRC010,validation
ASB04_006319,1,SRC009,train
ASB04_006320,1,SRC001,train
ASB04_006321,1,SRC010,train
ASB04_006322,1,SRC001,train
ASB04_006323,1,SRC001,train
ASB04_006324,1,SRC001,train
ASB04_006325,1,SRC010,test
ASB04_006326,1,SRC001,train
ASB04_006327,1,SRC001,train
ASB04_006328,1,SRC010,train
ASB04_006329,1,SRC001,train
ASB04_006330,1,SRC001,train
ASB04_006331,1,SRC009,train
ASB04_006332,1,SRC001,train
ASB04_006333,1,SRC009,train
ASB04_006334,1,SRC001,test
ASB04_006335,1,SRC010,train
ASB04_006336,1,SRC001,test
ASB04_006337,1,SRC001,train
ASB04_006338,1,SRC001,train
ASB04_006339,1,SRC010,train
ASB04_006340,1,SRC010,test
ASB04_006341,1,SRC010,train
ASB04_006342,1,SRC012,train
ASB04_006343,1,SRC001,test
ASB04_006344,1,SRC010,train
ASB04_006345,1,SRC001,test
ASB04_006346,1,SRC010,validation
ASB04_006347,1,SRC005,test
ASB04_006348,1,SRC001,train
ASB04_006349,1,SRC010,train
ASB04_006350,1,SRC001,train
ASB04_006351,1,SRC010,train
ASB04_006352,1,SRC010,train
ASB04_006353,1,SRC001,train
ASB04_006354,1,SRC010,train
ASB04_006355,1,SRC010,validation
ASB04_006356,1,SRC001,train
ASB04_006357,1,SRC001,test
ASB04_006358,1,SRC004,test
ASB04_006359,1,SRC001,train
ASB04_006360,1,SRC009,train
ASB04_006361,1,SRC002,train
ASB04_006362,1,SRC010,train
ASB04_006363,1,SRC010,test
ASB04_006364,1,SRC009,train
ASB04_006365,1,SRC001,train
ASB04_006366,1,SRC010,train
ASB04_006367,1,SRC001,train
ASB04_006368,1,SRC010,train
ASB04_006369,1,SRC001,train
ASB04_006370,1,SRC001,train
ASB04_006371,1,SRC010,validation
ASB04_006372,1,SRC001,train
ASB04_006373,1,SRC002,train
ASB04_006374,1,SRC010,train
ASB04_006375,1,SRC010,test
ASB04_006376,1,SRC001,train
ASB04_006377,1,SRC013,test
ASB04_006378,1,SRC009,train
ASB04_006379,1,SRC010,train
ASB04_006380,1,SRC004,test
ASB04_006381,1,SRC010,train
ASB04_006382,1,SRC009,test
ASB04_006383,1,SRC001,test
ASB04_006384,1,SRC010,train
ASB04_006385,1,SRC009,train
ASB04_006386,1,SRC010,train
ASB04_006387,1,SRC010,train
ASB04_006388,1,SRC001,train
ASB04_006389,1,SRC001,test
ASB04_006390,1,SRC010,train
ASB04_006391,1,SRC010,test
ASB04_006392,1,SRC009,test
ASB04_006393,1,SRC001,train
ASB04_006394,1,SRC010,train
ASB04_006395,1,SRC010,train
ASB04_006396,1,SRC001,train
ASB04_006397,1,SRC010,test
ASB04_006398,1,SRC001,validation
ASB04_006399,1,SRC010,train
ASB04_006400,1,SRC001,train
ASB04_006401,1,SRC001,train
ASB04_006402,1,SRC010,test
ASB04_006403,1,SRC001,validation
ASB04_006404,1,SRC001,train
ASB04_006405,1,SRC002,test
ASB04_006406,1,SRC001,train
ASB04_006407,1,SRC010,test
ASB04_006408,1,SRC010,train
ASB04_006409,1,SRC013,train
ASB04_006410,1,SRC013,validation
ASB04_006411,1,SRC001,train
ASB04_006412,1,SRC001,test
ASB04_006413,1,SRC010,train
ASB04_006414,1,SRC009,train
ASB04_006415,1,SRC010,train
ASB04_006416,1,SRC010,test
ASB04_006417,1,SRC001,validation
ASB04_006418,1,SRC010,test
ASB04_006419,1,SRC010,train
ASB04_006420,1,SRC009,train
ASB04_006421,1,SRC010,test
ASB04_006422,1,SRC009,train
ASB04_006423,1,SRC001,validation
ASB04_006424,1,SRC001,train
ASB04_006425,1,SRC001,train
ASB04_006426,1,SRC010,test
ASB04_006427,1,SRC001,train
ASB04_006428,1,SRC010,train
ASB04_006429,1,SRC010,train
ASB04_006430,1,SRC009,train
ASB04_006431,1,SRC001,test
ASB04_006432,1,SRC001,test
ASB04_006433,1,SRC001,train
ASB04_006434,1,SRC010,train
ASB04_006435,1,SRC001,train
ASB04_006436,1,SRC010,test
ASB04_006437,1,SRC002,train
ASB04_006438,1,SRC004,train
ASB04_006439,1,SRC010,train
ASB04_006440,1,SRC009,train
ASB04_006441,1,SRC010,train
ASB04_006442,1,SRC001,train
ASB04_006443,1,SRC010,train
ASB04_006444,1,SRC010,train
ASB04_006445,1,SRC010,train
ASB04_006446,1,SRC010,test
ASB04_006447,1,SRC009,train
ASB04_006448,1,SRC009,train
ASB04_006449,1,SRC001,train
ASB04_006450,1,SRC010,train
ASB04_006451,1,SRC009,validation
ASB04_006452,1,SRC002,train
ASB04_006453,1,SRC001,train
ASB04_006454,1,SRC001,train
ASB04_006455,1,SRC010,train
ASB04_006456,1,SRC010,train
ASB04_006457,1,SRC001,train
ASB04_006458,1,SRC001,train
ASB04_006459,1,SRC001,train
ASB04_006460,1,SRC010,train
ASB04_006461,1,SRC010,train
ASB04_006462,1,SRC001,train
ASB04_006463,1,SRC010,train
ASB04_006464,1,SRC010,train
ASB04_006465,1,SRC010,train
ASB04_006466,1,SRC001,train
ASB04_006467,1,SRC010,validation
ASB04_006468,1,SRC006,train
ASB04_006469,1,SRC010,validation
ASB04_006470,1,SRC010,test
ASB04_006471,1,SRC010,validation
ASB04_006472,1,SRC001,test
ASB04_006473,1,SRC009,train
ASB04_006474,1,SRC001,train
ASB04_006475,1,SRC013,test
ASB04_006476,1,SRC009,train
ASB04_006477,1,SRC001,test
ASB04_006478,1,SRC001,train
ASB04_006479,1,SRC001,train
ASB04_006480,1,SRC001,test
ASB04_006481,1,SRC010,test
ASB04_006482,1,SRC001,train
ASB04_006483,1,SRC009,train
ASB04_006484,1,SRC010,train
ASB04_006485,1,SRC010,train
ASB04_006486,1,SRC001,train
ASB04_006487,1,SRC001,train
ASB04_006488,1,SRC001,train
ASB04_006489,1,SRC010,test
ASB04_006490,1,SRC010,validation
ASB04_006491,1,SRC010,train
ASB04_006492,1,SRC001,train
ASB04_006493,1,SRC001,train
ASB04_006494,1,SRC009,test
ASB04_006495,1,SRC001,validation
ASB04_006496,1,SRC001,train
ASB04_006497,1,SRC010,train
ASB04_006498,1,SRC010,train
ASB04_006499,1,SRC001,train
ASB04_006500,1,SRC001,train
ASB04_006501,1,SRC013,train
ASB04_006502,1,SRC010,train
ASB04_006503,1,SRC002,train
ASB04_006504,1,SRC010,train
ASB04_006505,1,SRC001,train
ASB04_006506,1,SRC009,validation
ASB04_006507,1,SRC001,train
ASB04_006508,1,SRC010,train
ASB04_006509,1,SRC010,train
ASB04_006510,1,SRC001,test
ASB04_006511,1,SRC001,test
ASB04_006512,1,SRC010,test
ASB04_006513,1,SRC001,train
ASB04_006514,1,SRC001,train
ASB04_006515,1,SRC010,train
ASB04_006516,1,SRC009,train
ASB04_006517,1,SRC001,train
ASB04_006518,1,SRC010,train
ASB04_006519,1,SRC009,train
ASB04_006520,1,SRC001,validation
ASB04_006521,1,SRC009,train
ASB04_006522,1,SRC010,train
ASB04_006523,1,SRC001,train
ASB04_006524,1,SRC010,train
ASB04_006525,1,SRC001,validation
ASB04_006526,1,SRC009,validation
ASB04_006527,1,SRC009,test
ASB04_006528,1,SRC013,train
ASB04_006529,1,SRC010,train
ASB04_006530,1,SRC001,test
ASB04_006531,1,SRC002,test
ASB04_006532,1,SRC010,train
ASB04_006533,1,SRC010,train
ASB04_006534,1,SRC009,train
ASB04_006535,1,SRC001,test
ASB04_006536,1,SRC010,train
ASB04_006537,1,SRC010,train
ASB04_006538,1,SRC009,validation
ASB04_006539,1,SRC010,train
ASB04_006540,1,SRC001,train
ASB04_006541,1,SRC001,train
ASB04_006542,1,SRC001,train
ASB04_006543,1,SRC001,train
ASB04_006544,1,SRC010,train
ASB04_006545,1,SRC009,train
ASB04_006546,1,SRC010,train
ASB04_006547,1,SRC009,train
ASB04_006548,1,SRC001,train
ASB04_006549,1,SRC010,test
ASB04_006550,1,SRC001,test
ASB04_006551,1,SRC010,train
ASB04_006552,1,SRC001,train
ASB04_006553,1,SRC010,train
ASB04_006554,1,SRC010,validation
ASB04_006555,1,SRC004,train
ASB04_006556,1,SRC010,train
ASB04_006557,1,SRC001,train
ASB04_006558,1,SRC001,train
ASB04_006559,1,SRC009,train
ASB04_006560,1,SRC010,train
ASB04_006561,1,SRC012,train
ASB04_006562,1,SRC001,test
ASB04_006563,1,SRC001,train
ASB04_006564,1,SRC001,validation
ASB04_006565,1,SRC010,train
ASB04_006566,1,SRC010,train
ASB04_006567,1,SRC010,test
ASB04_006568,1,SRC010,train
ASB04_006569,1,SRC010,train
ASB04_006570,1,SRC001,train
ASB04_006571,1,SRC010,train
ASB04_006572,1,SRC010,train
ASB04_006573,1,SRC001,train
ASB04_006574,1,SRC001,train
ASB04_006575,1,SRC001,train
ASB04_006576,1,SRC012,train
ASB04_006577,1,SRC010,train
ASB04_006578,1,SRC001,train
ASB04_006579,1,SRC009,train
ASB04_006580,1,SRC001,test
ASB04_006581,1,SRC006,train
ASB04_006582,1,SRC001,train
ASB04_006583,1,SRC010,test
ASB04_006584,1,SRC001,train
ASB04_006585,1,SRC001,train
ASB04_006586,1,SRC001,train
ASB04_006587,1,SRC010,train
ASB04_006588,1,SRC001,train
ASB04_006589,1,SRC009,validation
ASB04_006590,1,SRC009,train
ASB04_006591,1,SRC001,train
ASB04_006592,1,SRC010,train
ASB04_006593,1,SRC001,test
ASB04_006594,1,SRC001,train
ASB04_006595,1,SRC010,validation
ASB04_006596,1,SRC010,train
ASB04_006597,1,SRC009,test
ASB04_006598,1,SRC001,train
ASB04_006599,1,SRC001,validation
ASB04_006600,1,SRC010,train
ASB04_006601,1,SRC009,train
ASB04_006602,1,SRC001,validation
ASB04_006603,1,SRC001,validation
ASB04_006604,1,SRC010,train
ASB04_006605,1,SRC001,train
ASB04_006606,1,SRC001,train
ASB04_006607,1,SRC010,test
ASB04_006608,1,SRC001,train
ASB04_006609,1,SRC009,train
ASB04_006610,1,SRC001,train
ASB04_006611,1,SRC010,validation
ASB04_006612,1,SRC001,test
ASB04_006613,1,SRC001,train
ASB04_006614,1,SRC010,train
ASB04_006615,1,SRC010,train
ASB04_006616,1,SRC009,train
ASB04_006617,1,SRC010,test
ASB04_006618,1,SRC001,train
ASB04_006619,1,SRC010,train
ASB04_006620,1,SRC001,train
ASB04_006621,1,SRC009,test
ASB04_006622,1,SRC010,train
ASB04_006623,1,SRC010,train
ASB04_006624,1,SRC009,train
ASB04_006625,1,SRC010,train
ASB04_006626,1,SRC010,train
ASB04_006627,1,SRC010,test
ASB04_006628,1,SRC006,train
ASB04_006629,1,SRC009,test
ASB04_006630,1,SRC009,test
ASB04_006631,1,SRC009,test
ASB04_006632,1,SRC010,test
ASB04_006633,1,SRC010,test
ASB04_006634,1,SRC010,test
ASB04_006635,1,SRC013,train
ASB04_006636,1,SRC001,test
ASB04_006637,1,SRC010,validation
ASB04_006638,1,SRC001,train
ASB04_006639,1,SRC010,train
ASB04_006640,1,SRC001,train
ASB04_006641,1,SRC001,train
ASB04_006642,1,SRC010,train
ASB04_006643,1,SRC010,validation
ASB04_006644,1,SRC001,validation
ASB04_006645,1,SRC009,train
ASB04_006646,1,SRC001,test
ASB04_006647,1,SRC001,train
ASB04_006648,1,SRC010,train
ASB04_006649,1,SRC001,train
ASB04_006650,1,SRC001,train
ASB04_006651,1,SRC010,train
ASB04_006652,1,SRC001,test
ASB04_006653,1,SRC001,train
ASB04_006654,1,SRC009,train
ASB04_006655,1,SRC005,validation
ASB04_006656,1,SRC010,train
ASB04_006657,1,SRC010,test
ASB04_006658,1,SRC001,train
ASB04_006659,1,SRC001,train
ASB04_006660,1,SRC001,train
ASB04_006661,1,SRC001,train
ASB04_006662,1,SRC012,train
ASB04_006663,1,SRC001,validation
ASB04_006664,1,SRC001,train
ASB04_006665,1,SRC010,test
ASB04_006666,1,SRC001,train
ASB04_006667,1,SRC010,train
ASB04_006668,1,SRC001,train
ASB04_006669,1,SRC010,train
ASB04_006670,1,SRC010,train
ASB04_006671,1,SRC001,test
ASB04_006672,1,SRC001,train
ASB04_006673,1,SRC010,train
ASB04_006674,1,SRC001,train
ASB04_006675,1,SRC010,train
ASB04_006676,1,SRC009,train
ASB04_006677,1,SRC001,train
ASB04_006678,1,SRC001,train
ASB04_006679,1,SRC001,train
ASB04_006680,1,SRC001,test
ASB04_006681,1,SRC010,train
ASB04_006682,1,SRC010,train
ASB04_006683,1,SRC001,train
ASB04_006684,1,SRC010,test
ASB04_006685,1,SRC009,validation
ASB04_006686,1,SRC010,train
ASB04_006687,1,SRC001,train
ASB04_006688,1,SRC009,train
ASB04_006689,1,SRC010,train
ASB04_006690,1,SRC010,train
ASB04_006691,1,SRC001,train
ASB04_006692,1,SRC001,train
ASB04_006693,1,SRC001,train
ASB04_006694,1,SRC001,train
ASB04_006695,1,SRC009,validation
ASB04_006696,1,SRC001,train
ASB04_006697,1,SRC001,train
ASB04_006698,1,SRC010,test
ASB04_006699,1,SRC001,validation
ASB04_006700,1,SRC010,train
ASB04_006701,1,SRC001,test
ASB04_006702,1,SRC001,train
ASB04_006703,1,SRC009,train
ASB04_006704,1,SRC010,train
ASB04_006705,1,SRC010,test
ASB04_006706,1,SRC010,train
ASB04_006707,1,SRC010,train
ASB04_006708,1,SRC001,train
ASB04_006709,1,SRC002,train
ASB04_006710,1,SRC010,train
ASB04_006711,1,SRC001,train
ASB04_006712,1,SRC010,train
ASB04_006713,1,SRC002,train
ASB04_006714,1,SRC010,train
ASB04_006715,1,SRC010,test
ASB04_006716,1,SRC001,train
ASB04_006717,1,SRC001,train
ASB04_006718,1,SRC013,test
ASB04_006719,1,SRC010,train
ASB04_006720,1,SRC010,test
ASB04_006721,1,SRC010,train
ASB04_006722,1,SRC010,validation
ASB04_006723,1,SRC010,train
ASB04_006724,1,SRC001,train
ASB04_006725,1,SRC010,validation
ASB04_006726,1,SRC010,test
ASB04_006727,1,SRC001,train
ASB04_006728,1,SRC013,train
ASB04_006729,1,SRC001,train
ASB04_006730,1,SRC010,test
ASB04_006731,1,SRC010,train
ASB04_006732,1,SRC010,train
ASB04_006733,1,SRC001,train
ASB04_006734,1,SRC010,train
ASB04_006735,1,SRC010,train
ASB04_006736,1,SRC010,train
ASB04_006737,1,SRC001,test
ASB04_006738,1,SRC001,train
ASB04_006739,1,SRC010,train
ASB04_006740,1,SRC001,train
ASB04_006741,1,SRC010,train
ASB04_006742,1,SRC010,test
ASB04_006743,1,SRC001,train
ASB04_006744,1,SRC001,test
ASB04_006745,1,SRC002,train
ASB04_006746,1,SRC001,validation
ASB04_006747,1,SRC001,train
ASB04_006748,1,SRC001,train
ASB04_006749,1,SRC001,train
ASB04_006750,1,SRC012,train
ASB04_006751,1,SRC010,train
ASB04_006752,1,SRC001,test
ASB04_006753,1,SRC009,train
ASB04_006754,1,SRC010,train
ASB04_006755,1,SRC001,test
ASB04_006756,1,SRC013,train
ASB04_006757,1,SRC001,train
ASB04_006758,1,SRC001,test
ASB04_006759,1,SRC010,train
ASB04_006760,1,SRC010,train
ASB04_006761,1,SRC001,train
ASB04_006762,1,SRC010,validation
ASB04_006763,1,SRC001,train
ASB04_006764,1,SRC010,test
ASB04_006765,1,SRC010,validation
ASB04_006766,1,SRC001,train
ASB04_006767,1,SRC010,train
ASB04_006768,1,SRC001,train
ASB04_006769,1,SRC002,train
ASB04_006770,1,SRC010,train
ASB04_006771,1,SRC001,test
ASB04_006772,1,SRC001,test
ASB04_006773,1,SRC001,train
ASB04_006774,1,SRC010,train
ASB04_006775,1,SRC010,train
ASB04_006776,1,SRC001,train
ASB04_006777,1,SRC001,train
ASB04_006778,1,SRC006,train
ASB04_006779,1,SRC010,train
ASB04_006780,1,SRC001,train
ASB04_006781,1,SRC010,test
ASB04_006782,1,SRC001,train
ASB04_006783,1,SRC001,train
ASB04_006784,1,SRC001,train
ASB04_006785,1,SRC001,train
ASB04_006786,1,SRC001,test
ASB04_006787,1,SRC010,train
ASB04_006788,1,SRC012,train
ASB04_006789,1,SRC010,train
ASB04_006790,1,SRC010,train
ASB04_006791,1,SRC010,train
ASB04_006792,1,SRC010,validation
ASB04_006793,1,SRC010,train
ASB04_006794,1,SRC010,test
ASB04_006795,1,SRC010,train
ASB04_006796,1,SRC010,train
ASB04_006797,1,SRC001,test
ASB04_006798,1,SRC012,train
ASB04_006799,1,SRC010,train
ASB04_006800,1,SRC001,train
ASB04_006801,1,SRC001,train
ASB04_006802,1,SRC001,train
ASB04_006803,1,SRC001,train
ASB04_006804,1,SRC001,train
ASB04_006805,1,SRC010,train
ASB04_006806,1,SRC001,train
ASB04_006807,1,SRC001,validation
ASB04_006808,1,SRC010,validation
ASB04_006809,1,SRC009,test
ASB04_006810,1,SRC001,test
ASB04_006811,1,SRC010,test
ASB04_006812,1,SRC010,train
ASB04_006813,1,SRC001,train
ASB04_006814,1,SRC001,validation
ASB04_006815,1,SRC010,train
ASB04_006816,1,SRC010,test
ASB04_006817,1,SRC010,train
ASB04_006818,1,SRC001,validation
ASB04_006819,1,SRC001,test
ASB04_006820,1,SRC001,test
ASB04_006821,1,SRC010,train
ASB04_006822,1,SRC001,train
ASB04_006823,1,SRC001,train
ASB04_006824,1,SRC010,train
ASB04_006825,1,SRC001,test
ASB04_006826,1,SRC010,validation
ASB04_006827,1,SRC001,train
ASB04_006828,1,SRC001,train
ASB04_006829,1,SRC010,train
ASB04_006830,1,SRC001,train
ASB04_006831,1,SRC001,train
ASB04_006832,1,SRC001,train
ASB04_006833,1,SRC001,validation
ASB04_006834,1,SRC001,train
ASB04_006835,1,SRC001,test
ASB04_006836,1,SRC001,test
ASB04_006837,1,SRC001,train
ASB04_006838,1,SRC010,train
ASB04_006839,1,SRC010,train
ASB04_006840,1,SRC001,train
ASB04_006841,1,SRC002,train
ASB04_006842,1,SRC001,test
ASB04_006843,1,SRC010,train
ASB04_006844,1,SRC010,validation
ASB04_006845,1,SRC009,train
ASB04_006846,1,SRC010,train
ASB04_006847,1,SRC009,test
ASB04_006848,1,SRC001,validation
ASB04_006849,1,SRC001,test
ASB04_006850,1,SRC010,test
ASB04_006851,1,SRC010,train
ASB04_006852,1,SRC010,train
ASB04_006853,1,SRC001,train
ASB04_006854,1,SRC010,train
ASB04_006855,1,SRC001,train
ASB04_006856,1,SRC010,train
ASB04_006857,1,SRC010,validation
ASB04_006858,1,SRC013,test
ASB04_006859,1,SRC001,test
ASB04_006860,1,SRC001,train
ASB04_006861,1,SRC009,train
ASB04_006862,1,SRC010,train
ASB04_006863,1,SRC010,train
ASB04_006864,1,SRC001,train
ASB04_006865,1,SRC001,train
ASB04_006866,1,SRC001,train
ASB04_006867,1,SRC001,train
ASB04_006868,1,SRC010,train
ASB04_006869,1,SRC001,train
ASB04_006870,1,SRC001,test
ASB04_006871,1,SRC010,train
ASB04_006872,1,SRC010,train
ASB04_006873,1,SRC001,train
ASB04_006874,1,SRC010,train
ASB04_006875,1,SRC001,validation
ASB04_006876,1,SRC001,test
ASB04_006877,1,SRC001,test
ASB04_006878,1,SRC009,train
ASB04_006879,1,SRC001,test
ASB04_006880,1,SRC010,train
ASB04_006881,1,SRC001,train
ASB04_006882,1,SRC002,test
ASB04_006883,1,SRC010,test
ASB04_006884,1,SRC001,train
ASB04_006885,1,SRC002,train
ASB04_006886,1,SRC001,train
ASB04_006887,1,SRC009,train
ASB04_006888,1,SRC010,test
ASB04_006889,1,SRC001,train
ASB04_006890,1,SRC010,train
ASB04_006891,1,SRC009,test
ASB04_006892,1,SRC009,test
ASB04_006893,1,SRC010,test
ASB04_006894,1,SRC001,train
ASB04_006895,1,SRC002,validation
ASB04_006896,1,SRC013,train
ASB04_006897,1,SRC010,train
ASB04_006898,1,SRC001,train
ASB04_006899,1,SRC010,train
ASB04_006900,1,SRC009,train
ASB04_006901,1,SRC010,train
ASB04_006902,1,SRC010,train
ASB04_006903,1,SRC010,train
ASB04_006904,1,SRC001,train
ASB04_006905,1,SRC010,test
ASB04_006906,1,SRC010,train
ASB04_006907,1,SRC010,train
ASB04_006908,1,SRC001,test
ASB04_006909,1,SRC010,train
ASB04_006910,1,SRC001,test
ASB04_006911,1,SRC010,validation
ASB04_006912,1,SRC001,train
ASB04_006913,1,SRC010,train
ASB04_006914,1,SRC001,train
ASB04_006915,1,SRC001,train
ASB04_006916,1,SRC010,train
ASB04_006917,1,SRC001,test
ASB04_006918,1,SRC013,train
ASB04_006919,1,SRC001,train
ASB04_006920,1,SRC010,test
ASB04_006921,1,SRC010,train
ASB04_006922,1,SRC001,test
ASB04_006923,1,SRC004,train
ASB04_006924,1,SRC010,train
ASB04_006925,1,SRC001,train
ASB04_006926,1,SRC001,train
ASB04_006927,1,SRC001,test
ASB04_006928,1,SRC001,train
ASB04_006929,1,SRC010,validation
ASB04_006930,1,SRC001,train
ASB04_006931,1,SRC001,train
ASB04_006932,1,SRC010,test
ASB04_006933,1,SRC001,train
ASB04_006934,1,SRC001,train
ASB04_006935,1,SRC001,train
ASB04_006936,1,SRC001,test
ASB04_006937,1,SRC010,train
ASB04_006938,1,SRC010,train
ASB04_006939,1,SRC010,test
ASB04_006940,1,SRC009,train
ASB04_006941,1,SRC001,train
ASB04_006942,1,SRC010,train
ASB04_006943,1,SRC001,train
ASB04_006944,1,SRC009,train
ASB04_006945,1,SRC001,train
ASB04_006946,1,SRC001,train
ASB04_006947,1,SRC001,train
ASB04_006948,1,SRC010,train
ASB04_006949,1,SRC010,train
ASB04_006950,1,SRC001,test
ASB04_006951,1,SRC010,train
ASB04_006952,1,SRC009,test
ASB04_006953,1,SRC010,train
ASB04_006954,1,SRC009,train
ASB04_006955,1,SRC010,train
ASB04_006956,1,SRC010,train
ASB04_006957,1,SRC010,train
ASB04_006958,1,SRC010,train
ASB04_006959,1,SRC001,train
ASB04_006960,1,SRC010,train
ASB04_006961,1,SRC010,train
ASB04_006962,1,SRC010,train
ASB04_006963,1,SRC001,validation
ASB04_006964,1,SRC010,train
ASB04_006965,1,SRC001,train
ASB04_006966,1,SRC010,test
ASB04_006967,1,SRC001,train
ASB04_006968,1,SRC001,train
ASB04_006969,1,SRC010,train
ASB04_006970,1,SRC010,train
ASB04_006971,1,SRC010,train
ASB04_006972,1,SRC010,test
ASB04_006973,1,SRC001,train
ASB04_006974,1,SRC010,train
ASB04_006975,1,SRC010,test
ASB04_006976,1,SRC010,train
ASB04_006977,1,SRC010,validation
ASB04_006978,1,SRC010,test
ASB04_006979,1,SRC002,test
ASB04_006980,1,SRC001,test
ASB04_006981,1,SRC010,train
ASB04_006982,1,SRC001,train
ASB04_006983,1,SRC001,test
ASB04_006984,1,SRC001,train
ASB04_006985,1,SRC010,train
ASB04_006986,1,SRC001,validation
ASB04_006987,1,SRC001,validation
ASB04_006988,1,SRC001,train
ASB04_006989,1,SRC001,test
ASB04_006990,1,SRC001,test
ASB04_006991,1,SRC001,train
ASB04_006992,1,SRC010,train
ASB04_006993,1,SRC010,validation
ASB04_006994,1,SRC010,validation
ASB04_006995,1,SRC001,train
ASB04_006996,1,SRC010,train
ASB04_006997,1,SRC009,validation
ASB04_006998,1,SRC010,train
ASB04_006999,1,SRC001,train
ASB04_007000,1,SRC001,test
ASB04_007001,1,SRC010,test
ASB04_007002,1,SRC010,train
ASB04_007003,1,SRC001,test
ASB04_007004,1,SRC001,validation
ASB04_007005,1,SRC001,train
ASB04_007006,1,SRC001,train
ASB04_007007,1,SRC006,test
ASB04_007008,1,SRC009,train
ASB04_007009,1,SRC009,train
ASB04_007010,1,SRC010,train
ASB04_007011,1,SRC001,train
ASB04_007012,1,SRC001,train
ASB04_007013,1,SRC013,validation
ASB04_007014,1,SRC010,train
ASB04_007015,1,SRC010,train
ASB04_007016,1,SRC001,train
ASB04_007017,1,SRC001,test
ASB04_007018,1,SRC010,train
ASB04_007019,1,SRC010,train
ASB04_007020,1,SRC001,validation
ASB04_007021,1,SRC001,train
ASB04_007022,1,SRC010,train
ASB04_007023,1,SRC010,validation
ASB04_007024,1,SRC001,train
ASB04_007025,1,SRC013,train
ASB04_007026,1,SRC001,validation
ASB04_007027,1,SRC009,train
ASB04_007028,1,SRC001,test
ASB04_007029,1,SRC010,train
ASB04_007030,1,SRC010,train
ASB04_007031,1,SRC010,train
ASB04_007032,1,SRC001,test
ASB04_007033,1,SRC010,train
ASB04_007034,1,SRC001,test
ASB04_007035,1,SRC001,test
ASB04_007036,1,SRC009,validation
ASB04_007037,1,SRC010,train
ASB04_007038,1,SRC010,test
ASB04_007039,1,SRC001,train
ASB04_007040,1,SRC010,validation
ASB04_007041,1,SRC001,train
ASB04_007042,1,SRC009,train
ASB04_007043,1,SRC001,test
ASB04_007044,1,SRC001,train
ASB04_007045,1,SRC001,test
ASB04_007046,1,SRC001,test
ASB04_007047,1,SRC009,test
ASB04_007048,1,SRC010,train
ASB04_007049,1,SRC010,test
ASB04_007050,1,SRC001,train
ASB04_007051,1,SRC001,train
ASB04_007052,1,SRC010,train
ASB04_007053,1,SRC001,test
ASB04_007054,1,SRC010,test
ASB04_007055,1,SRC001,test
ASB04_007056,1,SRC010,train
ASB04_007057,1,SRC001,train
ASB04_007058,1,SRC009,validation
ASB04_007059,1,SRC010,test
ASB04_007060,1,SRC010,test
ASB04_007061,1,SRC010,test
ASB04_007062,1,SRC010,train
ASB04_007063,1,SRC010,validation
ASB04_007064,1,SRC010,train
ASB04_007065,1,SRC010,validation
ASB04_007066,1,SRC010,train
ASB04_007067,1,SRC010,train
ASB04_007068,1,SRC013,train
ASB04_007069,1,SRC010,train
ASB04_007070,1,SRC009,train
ASB04_007071,1,SRC010,train
ASB04_007072,1,SRC001,train
ASB04_007073,1,SRC001,validation
ASB04_007074,1,SRC001,test
ASB04_007075,1,SRC001,train
ASB04_007076,1,SRC001,train
ASB04_007077,1,SRC001,train
ASB04_007078,1,SRC001,train
ASB04_007079,1,SRC010,validation
ASB04_007080,1,SRC001,train
ASB04_007081,1,SRC001,train
ASB04_007082,1,SRC001,train
ASB04_007083,1,SRC010,train
ASB04_007084,1,SRC010,test
ASB04_007085,1,SRC001,validation
ASB04_007086,1,SRC001,train
ASB04_007087,1,SRC001,train
ASB04_007088,1,SRC001,train
ASB04_007089,1,SRC001,test
ASB04_007090,1,SRC001,validation
ASB04_007091,1,SRC001,train
ASB04_007092,1,SRC010,train
ASB04_007093,1,SRC001,train
ASB04_007094,1,SRC010,test
ASB04_007095,1,SRC001,train
ASB04_007096,1,SRC001,train
ASB04_007097,1,SRC010,train
ASB04_007098,1,SRC010,test
ASB04_007099,1,SRC010,train
ASB04_007100,1,SRC010,test
ASB04_007101,1,SRC001,train
ASB04_007102,1,SRC010,validation
ASB04_007103,1,SRC010,train
ASB04_007104,1,SRC001,train
ASB04_007105,1,SRC006,test
ASB04_007106,1,SRC001,validation
ASB04_007107,1,SRC009,train
ASB04_007108,1,SRC010,test
ASB04_007109,1,SRC001,train
ASB04_007110,1,SRC001,train
ASB04_007111,1,SRC010,train
ASB04_007112,1,SRC010,test
ASB04_007113,1,SRC010,test
ASB04_007114,1,SRC009,train
ASB04_007115,1,SRC010,train
ASB04_007116,1,SRC001,train
ASB04_007117,1,SRC010,train
ASB04_007118,1,SRC010,test
ASB04_007119,1,SRC001,train
ASB04_007120,1,SRC010,test
ASB04_007121,1,SRC010,train
ASB04_007122,1,SRC010,test
ASB04_007123,1,SRC009,train
ASB04_007124,1,SRC001,test
ASB04_007125,1,SRC001,test
ASB04_007126,1,SRC009,train
ASB04_007127,1,SRC010,train
ASB04_007128,1,SRC010,train
ASB04_007129,1,SRC010,train
ASB04_007130,1,SRC001,train
ASB04_007131,1,SRC010,train
ASB04_007132,1,SRC010,test
ASB04_007133,1,SRC010,train
ASB04_007134,1,SRC010,train
ASB04_007135,1,SRC013,test
ASB04_007136,1,SRC001,train
ASB04_007137,1,SRC001,validation
ASB04_007138,1,SRC001,test
ASB04_007139,1,SRC009,train
ASB04_007140,1,SRC010,train
ASB04_007141,1,SRC013,validation
ASB04_007142,1,SRC001,train
ASB04_007143,1,SRC001,train
ASB04_007144,1,SRC010,train
ASB04_007145,1,SRC001,train
ASB04_007146,1,SRC001,test
ASB04_007147,1,SRC001,train
ASB04_007148,1,SRC001,train
ASB04_007149,1,SRC001,train
ASB04_007150,1,SRC010,test
ASB04_007151,1,SRC001,train
ASB04_007152,1,SRC002,train
ASB04_007153,1,SRC009,train
ASB04_007154,1,SRC001,test
ASB04_007155,1,SRC001,validation
ASB04_007156,1,SRC001,test
ASB04_007157,1,SRC006,train
ASB04_007158,1,SRC002,train
ASB04_007159,1,SRC010,train
ASB04_007160,1,SRC001,train
ASB04_007161,1,SRC001,test
ASB04_007162,1,SRC009,train
ASB04_007163,1,SRC001,train
ASB04_007164,1,SRC001,train
ASB04_007165,1,SRC010,train
ASB04_007166,1,SRC010,train
ASB04_007167,1,SRC001,test
ASB04_007168,1,SRC001,test
ASB04_007169,1,SRC001,validation
ASB04_007170,1,SRC001,train
ASB04_007171,1,SRC010,train
ASB04_007172,1,SRC010,validation
ASB04_007173,1,SRC001,test
ASB04_007174,1,SRC001,train
ASB04_007175,1,SRC001,validation
ASB04_007176,1,SRC010,train
ASB04_007177,1,SRC001,test
ASB04_007178,1,SRC001,train
ASB04_007179,1,SRC010,train
ASB04_007180,1,SRC010,test
ASB04_007181,1,SRC001,train
ASB04_007182,1,SRC010,train
ASB04_007183,1,SRC009,test
ASB04_007184,1,SRC001,train
ASB04_007185,1,SRC009,test
ASB04_007186,1,SRC001,test
ASB04_007187,1,SRC010,train
ASB04_007188,1,SRC010,train
ASB04_007189,1,SRC001,train
ASB04_007190,1,SRC001,validation
ASB04_007191,1,SRC010,train
ASB04_007192,1,SRC001,test
ASB04_007193,1,SRC001,validation
ASB04_007194,1,SRC010,train
ASB04_007195,1,SRC001,train
ASB04_007196,1,SRC006,train
ASB04_007197,1,SRC010,train
ASB04_007198,1,SRC001,train
ASB04_007199,1,SRC001,train
ASB04_007200,1,SRC001,train
ASB04_007201,1,SRC010,train
ASB04_007202,1,SRC001,train
ASB04_007203,1,SRC010,train
ASB04_007204,1,SRC010,validation
ASB04_007205,1,SRC010,train
ASB04_007206,1,SRC010,train
ASB04_007207,1,SRC001,train
ASB04_007208,1,SRC001,test
ASB04_007209,1,SRC001,test
ASB04_007210,1,SRC010,train
ASB04_007211,1,SRC001,test
ASB04_007212,1,SRC010,train
ASB04_007213,1,SRC010,train
ASB04_007214,1,SRC001,train
ASB04_007215,1,SRC010,train
ASB04_007216,1,SRC001,train
ASB04_007217,1,SRC001,train
ASB04_007218,1,SRC001,test
ASB04_007219,1,SRC001,train
ASB04_007220,1,SRC001,test
ASB04_007221,1,SRC010,test
ASB04_007222,1,SRC001,validation
ASB04_007223,1,SRC010,train
ASB04_007224,1,SRC010,train
ASB04_007225,1,SRC010,train
ASB04_007226,1,SRC001,test
ASB04_007227,1,SRC010,test
ASB04_007228,1,SRC010,train
ASB04_007229,1,SRC001,train
ASB04_007230,1,SRC001,train
ASB04_007231,1,SRC001,test
ASB04_007232,1,SRC001,train
ASB04_007233,1,SRC010,train
ASB04_007234,1,SRC010,train
ASB04_007235,1,SRC001,train
ASB04_007236,1,SRC009,test
ASB04_007237,1,SRC010,test
ASB04_007238,1,SRC001,train
ASB04_007239,1,SRC010,test
ASB04_007240,1,SRC001,train
ASB04_007241,1,SRC009,train
ASB04_007242,1,SRC002,train
ASB04_007243,1,SRC001,train
ASB04_007244,1,SRC010,test
ASB04_007245,1,SRC010,test
ASB04_007246,1,SRC001,train
ASB04_007247,1,SRC009,test
ASB04_007248,1,SRC001,test
ASB04_007249,1,SRC010,train
ASB04_007250,1,SRC010,train
ASB04_007251,1,SRC010,validation
ASB04_007252,1,SRC010,test
ASB04_007253,1,SRC001,train
ASB04_007254,1,SRC001,train
ASB04_007255,1,SRC010,validation
ASB04_007256,1,SRC010,train
ASB04_007257,1,SRC010,train
ASB04_007258,1,SRC001,train
ASB04_007259,1,SRC010,test
ASB04_007260,1,SRC001,test
ASB04_007261,1,SRC009,test
ASB04_007262,1,SRC010,validation
ASB04_007263,1,SRC002,validation
ASB04_007264,1,SRC009,train
ASB04_007265,1,SRC010,train
ASB04_007266,1,SRC001,train
ASB04_007267,1,SRC001,train
ASB04_007268,1,SRC001,test
ASB04_007269,1,SRC010,test
ASB04_007270,1,SRC001,train
ASB04_007271,1,SRC010,train
ASB04_007272,1,SRC001,validation
ASB04_007273,1,SRC002,train
ASB04_007274,1,SRC001,validation
ASB04_007275,1,SRC001,train
ASB04_007276,1,SRC010,test
ASB04_007277,1,SRC010,train
ASB04_007278,1,SRC001,validation
ASB04_007279,1,SRC001,train
ASB04_007280,1,SRC010,train
ASB04_007281,1,SRC001,train
ASB04_007282,1,SRC010,train
ASB04_007283,1,SRC010,train
ASB04_007284,1,SRC006,train
ASB04_007285,1,SRC010,validation
ASB04_007286,1,SRC009,test
ASB04_007287,1,SRC001,train
ASB04_007288,1,SRC001,train
ASB04_007289,1,SRC001,train
ASB04_007290,1,SRC001,test
ASB04_007291,1,SRC009,train
ASB04_007292,1,SRC001,validation
ASB04_007293,1,SRC010,train
ASB04_007294,1,SRC001,train
ASB04_007295,1,SRC009,train
ASB04_007296,1,SRC010,test
ASB04_007297,1,SRC001,train
ASB04_007298,1,SRC002,test
ASB04_007299,1,SRC010,train
ASB04_007300,1,SRC010,train
ASB04_007301,1,SRC010,train
ASB04_007302,1,SRC001,train
ASB04_007303,1,SRC001,train
ASB04_007304,1,SRC001,train
ASB04_007305,1,SRC010,train
ASB04_007306,1,SRC001,train
ASB04_007307,1,SRC009,test
ASB04_007308,1,SRC010,train
ASB04_007309,1,SRC001,validation
ASB04_007310,1,SRC001,train
ASB04_007311,1,SRC010,train
ASB04_007312,1,SRC001,train
ASB04_007313,1,SRC006,test
ASB04_007314,1,SRC001,train
ASB04_007315,1,SRC010,train
ASB04_007316,1,SRC010,test
ASB04_007317,1,SRC001,train
ASB04_007318,1,SRC010,validation
ASB04_007319,1,SRC001,test
ASB04_007320,1,SRC010,train
ASB04_007321,1,SRC001,validation
ASB04_007322,1,SRC010,train
ASB04_007323,1,SRC001,train
ASB04_007324,1,SRC001,test
ASB04_007325,1,SRC001,train
ASB04_007326,1,SRC010,train
ASB04_007327,1,SRC002,test
ASB04_007328,1,SRC001,train
ASB04_007329,1,SRC010,train
ASB04_007330,1,SRC010,train
ASB04_007331,1,SRC009,train
ASB04_007332,1,SRC010,train
ASB04_007333,1,SRC001,train
ASB04_007334,1,SRC001,train
ASB04_007335,1,SRC001,validation
ASB04_007336,1,SRC001,test
ASB04_007337,1,SRC001,train
ASB04_007338,1,SRC001,validation
ASB04_007339,1,SRC001,validation
ASB04_007340,1,SRC010,test
ASB04_007341,1,SRC010,train
ASB04_007342,1,SRC013,test
ASB04_007343,1,SRC001,train
ASB04_007344,1,SRC001,train
ASB04_007345,1,SRC010,test
ASB04_007346,1,SRC010,train
ASB04_007347,1,SRC010,train
ASB04_007348,1,SRC001,train
ASB04_007349,1,SRC001,train
ASB04_007350,1,SRC001,train
ASB04_007351,1,SRC010,train
ASB04_007352,1,SRC001,test
ASB04_007353,1,SRC010,validation
ASB04_007354,1,SRC001,train
ASB04_007355,1,SRC010,train
ASB04_007356,1,SRC001,train
ASB04_007357,1,SRC010,train
ASB04_007358,1,SRC009,test
ASB04_007359,1,SRC009,train
ASB04_007360,1,SRC001,train
ASB04_007361,1,SRC010,test
ASB04_007362,1,SRC010,train
ASB04_007363,1,SRC010,train
ASB04_007364,1,SRC010,train
ASB04_007365,1,SRC010,validation
ASB04_007366,1,SRC001,train
ASB04_007367,1,SRC001,train
ASB04_007368,1,SRC010,train
ASB04_007369,1,SRC010,test
ASB04_007370,1,SRC001,test
ASB04_007371,1,SRC001,train
ASB04_007372,1,SRC001,train
ASB04_007373,1,SRC012,test
ASB04_007374,1,SRC001,train
ASB04_007375,1,SRC010,train
ASB04_007376,1,SRC010,train
ASB04_007377,1,SRC001,train
ASB04_007378,1,SRC010,train
ASB04_007379,1,SRC010,train
ASB04_007380,1,SRC010,train
ASB04_007381,1,SRC001,train
ASB04_007382,1,SRC001,validation
ASB04_007383,1,SRC001,train
ASB04_007384,1,SRC001,validation
ASB04_007385,1,SRC010,train
ASB04_007386,1,SRC010,train
ASB04_007387,1,SRC010,test
ASB04_007388,1,SRC001,train
ASB04_007389,1,SRC001,train
ASB04_007390,1,SRC010,train
ASB04_007391,1,SRC001,train
ASB04_007392,1,SRC009,train
ASB04_007393,1,SRC001,train
ASB04_007394,1,SRC001,train
ASB04_007395,1,SRC010,train
ASB04_007396,1,SRC001,test
ASB04_007397,1,SRC001,train
ASB04_007398,1,SRC001,test
ASB04_007399,1,SRC002,train
ASB04_007400,1,SRC001,train
ASB04_007401,1,SRC009,test
ASB04_007402,1,SRC001,train
ASB04_007403,1,SRC010,train
ASB04_007404,1,SRC001,train
ASB04_007405,1,SRC001,test
ASB04_007406,1,SRC001,train
ASB04_007407,1,SRC010,test
ASB04_007408,1,SRC010,test
ASB04_007409,1,SRC001,train
ASB04_007410,1,SRC013,train
ASB04_007411,1,SRC009,train
ASB04_007412,1,SRC010,validation
ASB04_007413,1,SRC010,train
ASB04_007414,1,SRC001,train
ASB04_007415,1,SRC009,train
ASB04_007416,1,SRC001,test
ASB04_007417,1,SRC009,train
ASB04_007418,1,SRC009,train
ASB04_007419,1,SRC001,train
ASB04_007420,1,SRC001,train
ASB04_007421,1,SRC010,train
ASB04_007422,1,SRC002,test
ASB04_007423,1,SRC010,test
ASB04_007424,1,SRC001,train
ASB04_007425,1,SRC010,train
ASB04_007426,1,SRC009,test
ASB04_007427,1,SRC001,test
ASB04_007428,1,SRC001,train
ASB04_007429,1,SRC001,train
ASB04_007430,1,SRC010,train
ASB04_007431,1,SRC009,test
ASB04_007432,1,SRC001,validation
ASB04_007433,1,SRC001,train
ASB04_007434,1,SRC010,test
ASB04_007435,1,SRC001,train
ASB04_007436,1,SRC001,test
ASB04_007437,1,SRC010,validation
ASB04_007438,1,SRC010,train
ASB04_007439,1,SRC010,test
ASB04_007440,1,SRC001,validation
ASB04_007441,1,SRC013,train
ASB04_007442,1,SRC010,train
ASB04_007443,1,SRC001,validation
ASB04_007444,1,SRC010,train
ASB04_007445,1,SRC001,train
ASB04_007446,1,SRC001,train
ASB04_007447,1,SRC010,train
ASB04_007448,1,SRC010,validation
ASB04_007449,1,SRC010,train
ASB04_007450,1,SRC010,train
ASB04_007451,1,SRC001,test
ASB04_007452,1,SRC010,test
ASB04_007453,1,SRC001,train
ASB04_007454,1,SRC001,train
ASB04_007455,1,SRC010,train
ASB04_007456,1,SRC001,test
ASB04_007457,1,SRC001,train
ASB04_007458,1,SRC013,train
ASB04_007459,1,SRC010,train
ASB04_007460,1,SRC010,train
ASB04_007461,1,SRC001,train
ASB04_007462,1,SRC010,test
ASB04_007463,1,SRC001,train
ASB04_007464,1,SRC001,train
ASB04_007465,1,SRC010,train
ASB04_007466,1,SRC010,train
ASB04_007467,1,SRC010,train
ASB04_007468,1,SRC013,train
ASB04_007469,1,SRC010,test
ASB04_007470,1,SRC001,train
ASB04_007471,1,SRC001,train
ASB04_007472,1,SRC010,train
ASB04_007473,1,SRC010,train
ASB04_007474,1,SRC010,train
ASB04_007475,1,SRC001,train
ASB04_007476,1,SRC001,train
ASB04_007477,1,SRC010,train
ASB04_007478,1,SRC009,train
ASB04_007479,1,SRC010,test
ASB04_007480,1,SRC001,test
ASB04_007481,1,SRC009,train
ASB04_007482,1,SRC009,train
ASB04_007483,1,SRC001,test
ASB04_007484,1,SRC010,train
ASB04_007485,1,SRC001,train
ASB04_007486,1,SRC001,train
ASB04_007487,1,SRC010,test
ASB04_007488,1,SRC009,train
ASB04_007489,1,SRC001,train
ASB04_007490,1,SRC001,train
ASB04_007491,1,SRC001,train
ASB04_007492,1,SRC010,validation
ASB04_007493,1,SRC010,test
ASB04_007494,1,SRC010,test
ASB04_007495,1,SRC010,validation
ASB04_007496,1,SRC001,test
ASB04_007497,1,SRC001,train
ASB04_007498,1,SRC001,test
ASB04_007499,1,SRC001,validation
ASB04_007500,1,SRC006,train
ASB04_007501,1,SRC010,train
ASB04_007502,1,SRC001,train
ASB04_007503,1,SRC001,validation
ASB04_007504,1,SRC001,train
ASB04_007505,1,SRC009,train
ASB04_007506,0,SRC010,train
ASB04_007507,0,SRC011,validation
ASB04_007508,0,SRC011,train
ASB04_007509,0,SRC010,train
ASB04_007510,0,SRC011,test
ASB04_007511,0,SRC010,train
ASB04_007512,0,SRC010,train
ASB04_007513,0,SRC010,train
ASB04_007514,0,SRC010,test
ASB04_007515,0,SRC010,train
ASB04_007516,0,SRC010,train
ASB04_007517,0,SRC011,validation
ASB04_007518,0,SRC010,train
ASB04_007519,0,SRC010,train
ASB04_007520,0,SRC011,train
ASB04_007521,0,SRC010,train
ASB04_007522,0,SRC011,validation
ASB04_007523,0,SRC010,test
ASB04_007524,0,SRC011,train
ASB04_007525,0,SRC010,test
ASB04_007526,0,SRC010,train
ASB04_007527,0,SRC011,test
ASB04_007528,0,SRC010,validation
ASB04_007529,0,SRC011,train
ASB04_007530,0,SRC010,train
ASB04_007531,0,SRC010,train
ASB04_007532,0,SRC010,test
ASB04_007533,0,SRC010,train
ASB04_007534,0,SRC011,validation
ASB04_007535,0,SRC010,train
ASB04_007536,0,SRC010,train
ASB04_007537,0,SRC010,train
ASB04_007538,0,SRC010,train
ASB04_007539,0,SRC011,train
ASB04_007540,0,SRC006,validation
ASB04_007541,0,SRC010,test
ASB04_007542,0,SRC012,test
ASB04_007543,0,SRC010,test
ASB04_007544,0,SRC011,train
ASB04_007545,0,SRC012,train
ASB04_007546,0,SRC010,train
ASB04_007547,0,SRC010,train
ASB04_007548,0,SRC010,train
ASB04_007549,0,SRC010,train
ASB04_007550,0,SRC010,train
ASB04_007551,0,SRC011,train
ASB04_007552,0,SRC010,validation
ASB04_007553,0,SRC010,train
ASB04_007554,0,SRC010,train
ASB04_007555,0,SRC010,train
ASB04_007556,0,SRC010,validation
ASB04_007557,0,SRC010,train
ASB04_007558,0,SRC010,train
ASB04_007559,0,SRC010,test
ASB04_007560,0,SRC011,train
ASB04_007561,0,SRC010,train
ASB04_007562,0,SRC011,train
ASB04_007563,0,SRC011,train
ASB04_007564,0,SRC011,train
ASB04_007565,0,SRC010,train
ASB04_007566,0,SRC010,train
ASB04_007567,0,SRC010,test
ASB04_007568,0,SRC006,train
ASB04_007569,0,SRC011,train
ASB04_007570,0,SRC010,test
ASB04_007571,0,SRC011,train
ASB04_007572,0,SRC010,train
ASB04_007573,0,SRC010,train
ASB04_007574,0,SRC010,train
ASB04_007575,0,SRC010,train
ASB04_007576,0,SRC010,train
ASB04_007577,0,SRC010,train
ASB04_007578,0,SRC010,train
ASB04_007579,0,SRC006,train
ASB04_007580,0,SRC006,train
ASB04_007581,0,SRC010,validation
ASB04_007582,0,SRC010,train
ASB04_007583,0,SRC010,train
ASB04_007584,0,SRC010,train
ASB04_007585,0,SRC010,train
ASB04_007586,0,SRC011,train
ASB04_007587,0,SRC010,train
ASB04_007588,0,SRC010,train
ASB04_007589,0,SRC010,train
ASB04_007590,0,SRC010,train
ASB04_007591,0,SRC010,train
ASB04_007592,0,SRC010,train
ASB04_007593,0,SRC010,train
ASB04_007594,0,SRC010,train
ASB04_007595,0,SRC010,test
ASB04_007596,0,SRC012,test
ASB04_007597,0,SRC011,train
ASB04_007598,0,SRC011,train
ASB04_007599,0,SRC010,test
ASB04_007600,0,SRC010,train
ASB04_007601,0,SRC010,test
ASB04_007602,0,SRC010,train
ASB04_007603,0,SRC010,train
ASB04_007604,0,SRC010,test
ASB04_007605,0,SRC010,train
ASB04_007606,0,SRC011,train
ASB04_007607,0,SRC010,train
ASB04_007608,0,SRC010,train
ASB04_007609,0,SRC010,validation
ASB04_007610,0,SRC011,train
ASB04_007611,0,SRC010,train
ASB04_007612,0,SRC010,train
ASB04_007613,0,SRC010,train
ASB04_007614,0,SRC011,test
ASB04_007615,0,SRC010,train
ASB04_007616,0,SRC011,train
ASB04_007617,0,SRC010,train
ASB04_007618,0,SRC012,train
ASB04_007619,0,SRC010,train
ASB04_007620,0,SRC010,test
ASB04_007621,0,SRC010,train
ASB04_007622,0,SRC010,test
ASB04_007623,0,SRC010,train
ASB04_007624,0,SRC010,train
ASB04_007625,0,SRC010,test
ASB04_007626,0,SRC010,train
ASB04_007627,0,SRC010,train
ASB04_007628,0,SRC010,validation
ASB04_007629,0,SRC010,train
ASB04_007630,0,SRC010,train
ASB04_007631,0,SRC010,train
ASB04_007632,0,SRC010,train
ASB04_007633,0,SRC010,validation
ASB04_007634,0,SRC011,train
ASB04_007635,0,SRC010,train
ASB04_007636,0,SRC010,validation
ASB04_007637,0,SRC010,train
ASB04_007638,0,SRC010,train
ASB04_007639,0,SRC010,train
ASB04_007640,0,SRC010,train
ASB04_007641,0,SRC010,train
ASB04_007642,0,SRC010,train
ASB04_007643,0,SRC010,train
ASB04_007644,0,SRC012,train
ASB04_007645,0,SRC011,train
ASB04_007646,0,SRC010,train
ASB04_007647,0,SRC010,train
ASB04_007648,0,SRC010,train
ASB04_007649,0,SRC010,test
ASB04_007650,0,SRC010,train
ASB04_007651,0,SRC010,train
ASB04_007652,0,SRC010,test
ASB04_007653,0,SRC011,train
ASB04_007654,0,SRC011,train
ASB04_007655,0,SRC010,validation
ASB04_007656,0,SRC010,train
ASB04_007657,0,SRC010,validation
ASB04_007658,0,SRC011,validation
ASB04_007659,0,SRC010,validation
ASB04_007660,0,SRC010,validation
ASB04_007661,0,SRC010,train
ASB04_007662,0,SRC010,train
ASB04_007663,0,SRC010,test
ASB04_007664,0,SRC010,train
ASB04_007665,0,SRC011,validation
ASB04_007666,0,SRC010,validation
ASB04_007667,0,SRC010,test
ASB04_007668,0,SRC010,train
ASB04_007669,0,SRC012,train
ASB04_007670,0,SRC010,train
ASB04_007671,0,SRC010,train
ASB04_007672,0,SRC010,test
ASB04_007673,0,SRC011,train
ASB04_007674,0,SRC010,train
ASB04_007675,0,SRC011,validation
ASB04_007676,0,SRC010,train
ASB04_007677,0,SRC010,train
ASB04_007678,0,SRC010,train
ASB04_007679,0,SRC010,train
ASB04_007680,0,SRC011,train
ASB04_007681,0,SRC010,train
ASB04_007682,0,SRC011,validation
ASB04_007683,0,SRC010,train
ASB04_007684,0,SRC011,train
ASB04_007685,0,SRC010,train
ASB04_007686,0,SRC010,test
ASB04_007687,0,SRC010,train
ASB04_007688,0,SRC010,train
ASB04_007689,0,SRC010,train
ASB04_007690,0,SRC010,train
ASB04_007691,0,SRC010,train
ASB04_007692,0,SRC010,test
ASB04_007693,0,SRC012,train
ASB04_007694,0,SRC010,train
ASB04_007695,0,SRC010,test
ASB04_007696,0,SRC011,test
ASB04_007697,0,SRC010,test
ASB04_007698,0,SRC010,train
ASB04_007699,0,SRC010,train
ASB04_007700,0,SRC010,train
ASB04_007701,0,SRC010,train
ASB04_007702,0,SRC010,train
ASB04_007703,0,SRC010,test
ASB04_007704,0,SRC010,train
ASB04_007705,0,SRC011,train
ASB04_007706,0,SRC010,validation
ASB04_007707,0,SRC012,validation
ASB04_007708,0,SRC010,test
ASB04_007709,0,SRC010,train
ASB04_007710,0,SRC006,train
ASB04_007711,0,SRC011,train
ASB04_007712,0,SRC010,test
ASB04_007713,0,SRC011,test
ASB04_007714,0,SRC010,train
ASB04_007715,0,SRC010,train
ASB04_007716,0,SRC010,train
ASB04_007717,0,SRC010,train
ASB04_007718,0,SRC010,train
ASB04_007719,0,SRC011,train
ASB04_007720,0,SRC010,train
ASB04_007721,0,SRC010,train
ASB04_007722,0,SRC010,test
ASB04_007723,0,SRC010,test
ASB04_007724,0,SRC010,train
ASB04_007725,0,SRC010,train
ASB04_007726,0,SRC006,train
ASB04_007727,0,SRC010,train
ASB04_007728,0,SRC010,train
ASB04_007729,0,SRC011,train
ASB04_007730,0,SRC011,train
ASB04_007731,0,SRC010,test
ASB04_007732,0,SRC010,train
ASB04_007733,0,SRC010,train
ASB04_007734,0,SRC010,train
ASB04_007735,0,SRC010,test
ASB04_007736,0,SRC010,train
ASB04_007737,0,SRC011,train
ASB04_007738,0,SRC010,train
ASB04_007739,0,SRC010,train
ASB04_007740,0,SRC010,validation
ASB04_007741,0,SRC010,train
ASB04_007742,0,SRC010,train
ASB04_007743,0,SRC011,train
ASB04_007744,0,SRC010,train
ASB04_007745,0,SRC010,train
ASB04_007746,0,SRC010,train
ASB04_007747,0,SRC010,test
ASB04_007748,0,SRC010,train
ASB04_007749,0,SRC010,train
ASB04_007750,0,SRC010,train
ASB04_007751,0,SRC010,test
ASB04_007752,0,SRC011,validation
ASB04_007753,0,SRC011,train
ASB04_007754,0,SRC010,train
ASB04_007755,0,SRC012,train
ASB04_007756,0,SRC010,train
ASB04_007757,0,SRC011,train
ASB04_007758,0,SRC010,validation
ASB04_007759,0,SRC010,validation
ASB04_007760,0,SRC010,train
ASB04_007761,0,SRC010,train
ASB04_007762,0,SRC011,train
ASB04_007763,0,SRC010,validation
ASB04_007764,0,SRC011,train
ASB04_007765,0,SRC010,train
ASB04_007766,0,SRC010,train
ASB04_007767,0,SRC010,train
ASB04_007768,0,SRC010,test
ASB04_007769,0,SRC010,test
ASB04_007770,0,SRC011,test
ASB04_007771,0,SRC010,train
ASB04_007772,0,SRC010,train
ASB04_007773,0,SRC011,train
ASB04_007774,0,SRC011,validation
ASB04_007775,0,SRC010,train
ASB04_007776,0,SRC010,train
ASB04_007777,0,SRC011,train
ASB04_007778,0,SRC010,train
ASB04_007779,0,SRC010,train
ASB04_007780,0,SRC010,train
ASB04_007781,0,SRC010,train
ASB04_007782,0,SRC011,train
ASB04_007783,0,SRC010,train
ASB04_007784,0,SRC010,test
ASB04_007785,0,SRC010,validation
ASB04_007786,0,SRC011,train
ASB04_007787,0,SRC010,train
ASB04_007788,0,SRC010,train
ASB04_007789,0,SRC011,test
ASB04_007790,0,SRC010,validation
ASB04_007791,0,SRC011,train
ASB04_007792,0,SRC010,train
ASB04_007793,0,SRC010,train
ASB04_007794,0,SRC010,train
ASB04_007795,0,SRC011,train
ASB04_007796,0,SRC011,train
ASB04_007797,0,SRC006,train
ASB04_007798,0,SRC010,train
ASB04_007799,0,SRC010,validation
ASB04_007800,0,SRC010,train
ASB04_007801,0,SRC010,train
ASB04_007802,0,SRC010,train
ASB04_007803,0,SRC010,train
ASB04_007804,0,SRC010,train
ASB04_007805,0,SRC010,train
ASB04_007806,0,SRC010,train
ASB04_007807,0,SRC010,validation
ASB04_007808,0,SRC010,train
ASB04_007809,0,SRC010,train
ASB04_007810,0,SRC011,test
ASB04_007811,0,SRC010,train
ASB04_007812,0,SRC012,train
ASB04_007813,0,SRC010,train
ASB04_007814,0,SRC010,train
ASB04_007815,0,SRC010,train
ASB04_007816,0,SRC011,train
ASB04_007817,0,SRC010,train
ASB04_007818,0,SRC010,train
ASB04_007819,0,SRC008,validation
ASB04_007820,0,SRC010,train
ASB04_007821,0,SRC011,train
ASB04_007822,0,SRC010,train
ASB04_007823,0,SRC010,test
ASB04_007824,0,SRC010,train
ASB04_007825,0,SRC010,train
ASB04_007826,0,SRC006,test
ASB04_007827,0,SRC010,train
ASB04_007828,0,SRC012,train
ASB04_007829,0,SRC011,train
ASB04_007830,0,SRC010,train
ASB04_007831,0,SRC011,train
ASB04_007832,0,SRC010,train
ASB04_007833,0,SRC010,train
ASB04_007834,0,SRC011,train
ASB04_007835,0,SRC011,train
ASB04_007836,0,SRC011,test
ASB04_007837,0,SRC010,train
ASB04_007838,0,SRC010,train
ASB04_007839,0,SRC010,train
ASB04_007840,0,SRC010,train
ASB04_007841,0,SRC010,test
ASB04_007842,0,SRC010,train
ASB04_007843,0,SRC010,validation
ASB04_007844,0,SRC012,test
ASB04_007845,0,SRC010,train
ASB04_007846,0,SRC011,test
ASB04_007847,0,SRC010,train
ASB04_007848,0,SRC010,train
ASB04_007849,0,SRC010,train
ASB04_007850,0,SRC010,train
ASB04_007851,0,SRC010,validation
ASB04_007852,0,SRC011,train
ASB04_007853,0,SRC010,train
ASB04_007854,0,SRC010,train
ASB04_007855,0,SRC010,train
ASB04_007856,0,SRC010,train
ASB04_007857,0,SRC010,train
ASB04_007858,0,SRC010,train
ASB04_007859,0,SRC010,train
ASB04_007860,0,SRC010,train
ASB04_007861,0,SRC010,train
ASB04_007862,0,SRC010,test
ASB04_007863,0,SRC010,train
ASB04_007864,0,SRC011,train
ASB04_007865,0,SRC010,train
ASB04_007866,0,SRC010,train
ASB04_007867,0,SRC010,train
ASB04_007868,0,SRC006,train
ASB04_007869,0,SRC010,train
ASB04_007870,0,SRC010,train
ASB04_007871,0,SRC010,train
ASB04_007872,0,SRC010,train
ASB04_007873,0,SRC010,train
ASB04_007874,0,SRC010,train
ASB04_007875,0,SRC010,test
ASB04_007876,0,SRC010,train
ASB04_007877,0,SRC010,train
ASB04_007878,0,SRC011,train
ASB04_007879,0,SRC010,train
ASB04_007880,0,SRC012,train
ASB04_007881,0,SRC010,train
ASB04_007882,0,SRC011,train
ASB04_007883,0,SRC011,train
ASB04_007884,0,SRC010,test
ASB04_007885,0,SRC010,test
ASB04_007886,0,SRC010,train
ASB04_007887,0,SRC010,train
ASB04_007888,0,SRC011,train
ASB04_007889,0,SRC010,train
ASB04_007890,0,SRC010,train
ASB04_007891,0,SRC012,train
ASB04_007892,0,SRC011,train
ASB04_007893,0,SRC010,train
ASB04_007894,0,SRC010,train
ASB04_007895,0,SRC010,train
ASB04_007896,0,SRC011,train
ASB04_007897,0,SRC011,validation
ASB04_007898,0,SRC011,test
ASB04_007899,0,SRC010,train
ASB04_007900,0,SRC010,train
ASB04_007901,0,SRC010,validation
ASB04_007902,0,SRC010,validation
ASB04_007903,0,SRC010,test
ASB04_007904,0,SRC010,train
ASB04_007905,0,SRC010,validation
ASB04_007906,0,SRC010,test
ASB04_007907,0,SRC010,train
ASB04_007908,0,SRC010,train
ASB04_007909,0,SRC011,validation
ASB04_007910,0,SRC010,train
ASB04_007911,0,SRC010,train
ASB04_007912,0,SRC010,train
ASB04_007913,0,SRC010,test
ASB04_007914,0,SRC010,train
ASB04_007915,0,SRC011,train
ASB04_007916,0,SRC011,train
ASB04_007917,0,SRC010,train
ASB04_007918,0,SRC010,test
ASB04_007919,0,SRC006,train
ASB04_007920,0,SRC010,train
ASB04_007921,0,SRC010,train
ASB04_007922,0,SRC006,train
ASB04_007923,0,SRC010,validation
ASB04_007924,0,SRC011,validation
ASB04_007925,0,SRC010,train
ASB04_007926,0,SRC010,train
ASB04_007927,0,SRC010,train
ASB04_007928,0,SRC011,train
ASB04_007929,0,SRC010,train
ASB04_007930,0,SRC010,train
ASB04_007931,0,SRC012,train
ASB04_007932,0,SRC010,train
ASB04_007933,0,SRC010,train
ASB04_007934,0,SRC010,train
ASB04_007935,0,SRC010,train
ASB04_007936,0,SRC010,train
ASB04_007937,0,SRC010,test
ASB04_007938,0,SRC010,train
ASB04_007939,0,SRC010,train
ASB04_007940,0,SRC010,train
ASB04_007941,0,SRC010,train
ASB04_007942,0,SRC010,train
ASB04_007943,0,SRC010,validation
ASB04_007944,0,SRC010,train
ASB04_007945,0,SRC010,train
ASB04_007946,0,SRC010,train
ASB04_007947,0,SRC010,test
ASB04_007948,0,SRC010,train
ASB04_007949,0,SRC010,test
ASB04_007950,0,SRC010,test
ASB04_007951,0,SRC011,train
ASB04_007952,0,SRC010,train
ASB04_007953,0,SRC011,train
ASB04_007954,0,SRC010,train
ASB04_007955,0,SRC010,train
ASB04_007956,0,SRC010,train
ASB04_007957,0,SRC010,train
ASB04_007958,0,SRC010,test
ASB04_007959,0,SRC010,train
ASB04_007960,0,SRC010,validation
ASB04_007961,0,SRC010,validation
ASB04_007962,0,SRC010,test
ASB04_007963,0,SRC011,train
ASB04_007964,0,SRC010,train
ASB04_007965,0,SRC010,validation
ASB04_007966,0,SRC010,train
ASB04_007967,0,SRC010,train
ASB04_007968,0,SRC010,train
ASB04_007969,0,SRC010,train
ASB04_007970,0,SRC010,train
ASB04_007971,0,SRC010,train
ASB04_007972,0,SRC011,validation
ASB04_007973,0,SRC010,train
ASB04_007974,0,SRC010,train
ASB04_007975,0,SRC010,test
ASB04_007976,0,SRC010,test
ASB04_007977,0,SRC010,train
ASB04_007978,0,SRC010,train
ASB04_007979,0,SRC011,validation
ASB04_007980,0,SRC010,validation
ASB04_007981,0,SRC010,train
ASB04_007982,0,SRC010,test
ASB04_007983,0,SRC010,train
ASB04_007984,0,SRC010,train
ASB04_007985,0,SRC010,train
ASB04_007986,0,SRC010,train
ASB04_007987,0,SRC010,train
ASB04_007988,0,SRC010,train
ASB04_007989,0,SRC010,train
ASB04_007990,0,SRC010,train
ASB04_007991,0,SRC010,train
ASB04_007992,0,SRC010,train
ASB04_007993,0,SRC010,test
ASB04_007994,0,SRC010,test
ASB04_007995,0,SRC010,test
ASB04_007996,0,SRC010,train
ASB04_007997,0,SRC006,validation
ASB04_007998,0,SRC010,validation
ASB04_007999,0,SRC010,train
ASB04_008000,0,SRC010,train
ASB04_008001,0,SRC010,train
ASB04_008002,0,SRC011,validation
ASB04_008003,0,SRC011,train
ASB04_008004,0,SRC010,validation
ASB04_008005,0,SRC010,test
ASB04_008006,0,SRC011,train
ASB04_008007,0,SRC010,train
ASB04_008008,0,SRC010,validation
ASB04_008009,0,SRC011,train
ASB04_008010,0,SRC011,train
ASB04_008011,0,SRC010,train
ASB04_008012,0,SRC010,train
ASB04_008013,0,SRC010,train
ASB04_008014,0,SRC010,train
ASB04_008015,0,SRC010,test
ASB04_008016,0,SRC010,test
ASB04_008017,0,SRC010,validation
ASB04_008018,0,SRC010,test
ASB04_008019,0,SRC010,train
ASB04_008020,0,SRC010,train
ASB04_008021,0,SRC010,test
ASB04_008022,0,SRC010,train
ASB04_008023,0,SRC010,validation
ASB04_008024,0,SRC010,train
ASB04_008025,0,SRC010,train
ASB04_008026,0,SRC010,train
ASB04_008027,0,SRC010,test
ASB04_008028,0,SRC010,train
ASB04_008029,0,SRC010,train
ASB04_008030,0,SRC010,test
ASB04_008031,0,SRC010,train
ASB04_008032,0,SRC012,train
ASB04_008033,0,SRC010,train
ASB04_008034,0,SRC010,train
ASB04_008035,0,SRC011,train
ASB04_008036,0,SRC010,train
ASB04_008037,0,SRC010,train
ASB04_008038,0,SRC006,train
ASB04_008039,0,SRC010,train
ASB04_008040,0,SRC010,train
ASB04_008041,0,SRC010,train
ASB04_008042,0,SRC010,train
ASB04_008043,0,SRC012,validation
ASB04_008044,0,SRC010,train
ASB04_008045,0,SRC011,train
ASB04_008046,0,SRC011,test
ASB04_008047,0,SRC012,train
ASB04_008048,0,SRC010,train
ASB04_008049,0,SRC010,train
ASB04_008050,0,SRC010,train
ASB04_008051,0,SRC010,train
ASB04_008052,0,SRC010,test
ASB04_008053,0,SRC011,train
ASB04_008054,0,SRC011,train
ASB04_008055,0,SRC010,train
ASB04_008056,0,SRC010,test
ASB04_008057,0,SRC011,train
ASB04_008058,0,SRC010,train
ASB04_008059,0,SRC010,train
ASB04_008060,0,SRC010,train
ASB04_008061,0,SRC011,train
ASB04_008062,0,SRC010,train
ASB04_008063,0,SRC011,train
ASB04_008064,0,SRC010,train
ASB04_008065,0,SRC011,test
ASB04_008066,0,SRC010,train
ASB04_008067,0,SRC010,train
ASB04_008068,0,SRC010,validation
ASB04_008069,0,SRC010,test
ASB04_008070,0,SRC010,train
ASB04_008071,0,SRC010,test
ASB04_008072,0,SRC010,train
ASB04_008073,0,SRC011,train
ASB04_008074,0,SRC010,validation
ASB04_008075,0,SRC010,validation
ASB04_008076,0,SRC010,train
ASB04_008077,0,SRC010,train
ASB04_008078,0,SRC010,train
ASB04_008079,0,SRC011,train
ASB04_008080,0,SRC011,validation
ASB04_008081,0,SRC010,train
ASB04_008082,0,SRC011,train
ASB04_008083,0,SRC011,train
ASB04_008084,0,SRC011,train
ASB04_008085,0,SRC010,train
ASB04_008086,0,SRC010,test
ASB04_008087,0,SRC010,train
ASB04_008088,0,SRC010,train
ASB04_008089,0,SRC010,train
ASB04_008090,0,SRC006,train
ASB04_008091,0,SRC010,train
ASB04_008092,0,SRC010,validation
ASB04_008093,0,SRC011,test
ASB04_008094,0,SRC011,train
ASB04_008095,0,SRC010,train
ASB04_008096,0,SRC010,train
ASB04_008097,0,SRC012,train
ASB04_008098,0,SRC006,train
ASB04_008099,0,SRC011,train
ASB04_008100,0,SRC010,train
ASB04_008101,0,SRC012,test
ASB04_008102,0,SRC010,train
ASB04_008103,0,SRC011,train
ASB04_008104,0,SRC011,train
ASB04_008105,0,SRC010,train
ASB04_008106,0,SRC010,test
ASB04_008107,0,SRC010,train
ASB04_008108,0,SRC010,train
ASB04_008109,0,SRC010,train
ASB04_008110,0,SRC010,test
ASB04_008111,0,SRC010,train
ASB04_008112,0,SRC011,test
ASB04_008113,0,SRC011,train
ASB04_008114,0,SRC010,validation
ASB04_008115,0,SRC010,train
ASB04_008116,0,SRC010,train
ASB04_008117,0,SRC010,train
ASB04_008118,0,SRC012,test
ASB04_008119,0,SRC010,train
ASB04_008120,0,SRC010,train
ASB04_008121,0,SRC010,train
ASB04_008122,0,SRC010,validation
ASB04_008123,0,SRC006,train
ASB04_008124,0,SRC010,train
ASB04_008125,0,SRC011,train
ASB04_008126,0,SRC010,train
ASB04_008127,0,SRC011,train
ASB04_008128,0,SRC011,train
ASB04_008129,0,SRC010,test
ASB04_008130,0,SRC010,train
ASB04_008131,0,SRC010,test
ASB04_008132,0,SRC010,train
ASB04_008133,0,SRC010,validation
ASB04_008134,0,SRC011,train
ASB04_008135,0,SRC010,train
ASB04_008136,0,SRC010,train
ASB04_008137,0,SRC010,train
ASB04_008138,0,SRC010,train
ASB04_008139,0,SRC010,test
ASB04_008140,0,SRC010,train
ASB04_008141,0,SRC010,test
ASB04_008142,0,SRC010,train
ASB04_008143,0,SRC010,train
ASB04_008144,0,SRC010,train
ASB04_008145,0,SRC010,validation
ASB04_008146,0,SRC010,validation
ASB04_008147,0,SRC011,validation
ASB04_008148,0,SRC010,train
ASB04_008149,0,SRC011,train
ASB04_008150,0,SRC010,train
ASB04_008151,0,SRC011,train
ASB04_008152,0,SRC010,test
ASB04_008153,0,SRC010,train
ASB04_008154,0,SRC011,test
ASB04_008155,0,SRC011,train
ASB04_008156,0,SRC012,train
ASB04_008157,0,SRC011,train
ASB04_008158,0,SRC011,train
ASB04_008159,0,SRC010,test
ASB04_008160,0,SRC010,train
ASB04_008161,0,SRC010,test
ASB04_008162,0,SRC010,test
ASB04_008163,0,SRC012,validation
ASB04_008164,0,SRC010,test
ASB04_008165,0,SRC010,test
ASB04_008166,0,SRC010,train
ASB04_008167,0,SRC010,train
ASB04_008168,0,SRC011,test
ASB04_008169,0,SRC010,test
ASB04_008170,0,SRC011,train
ASB04_008171,0,SRC010,train
ASB04_008172,0,SRC006,train
ASB04_008173,0,SRC010,train
ASB04_008174,0,SRC010,train
ASB04_008175,0,SRC011,train
ASB04_008176,0,SRC010,train
ASB04_008177,0,SRC010,train
ASB04_008178,0,SRC011,train
ASB04_008179,0,SRC011,train
ASB04_008180,0,SRC010,train
ASB04_008181,0,SRC011,test
ASB04_008182,0,SRC010,train
ASB04_008183,0,SRC011,train
ASB04_008184,0,SRC010,train
ASB04_008185,0,SRC010,train
ASB04_008186,0,SRC010,train
ASB04_008187,0,SRC010,validation
ASB04_008188,0,SRC010,train
ASB04_008189,0,SRC010,validation
ASB04_008190,0,SRC010,test
ASB04_008191,0,SRC006,validation
ASB04_008192,0,SRC010,train
ASB04_008193,0,SRC010,test
ASB04_008194,0,SRC010,train
ASB04_008195,0,SRC010,test
ASB04_008196,0,SRC011,test
ASB04_008197,0,SRC010,train
ASB04_008198,0,SRC010,train
ASB04_008199,0,SRC010,train
ASB04_008200,0,SRC011,train
ASB04_008201,0,SRC010,train
ASB04_008202,0,SRC011,test
ASB04_008203,0,SRC010,train
ASB04_008204,0,SRC010,test
ASB04_008205,0,SRC011,test
ASB04_008206,0,SRC010,train
ASB04_008207,0,SRC011,train
ASB04_008208,0,SRC010,test
ASB04_008209,0,SRC010,test
ASB04_008210,0,SRC010,train
ASB04_008211,0,SRC010,train
ASB04_008212,0,SRC011,train
ASB04_008213,0,SRC010,train
ASB04_008214,0,SRC010,train
ASB04_008215,0,SRC010,test
ASB04_008216,0,SRC010,train
ASB04_008217,0,SRC010,train
ASB04_008218,0,SRC010,train
ASB04_008219,0,SRC010,validation
ASB04_008220,0,SRC011,train
ASB04_008221,0,SRC010,train
ASB04_008222,0,SRC010,train
ASB04_008223,0,SRC010,validation
ASB04_008224,0,SRC011,train
ASB04_008225,0,SRC010,train
ASB04_008226,0,SRC010,train
ASB04_008227,0,SRC010,train
ASB04_008228,0,SRC011,train
ASB04_008229,0,SRC010,train
ASB04_008230,0,SRC010,train
ASB04_008231,0,SRC010,train
ASB04_008232,0,SRC011,test
ASB04_008233,0,SRC010,train
ASB04_008234,0,SRC011,test
ASB04_008235,0,SRC011,train
ASB04_008236,0,SRC011,train
ASB04_008237,0,SRC010,train
ASB04_008238,0,SRC010,test
ASB04_008239,0,SRC010,train
ASB04_008240,0,SRC010,test
ASB04_008241,0,SRC010,train
ASB04_008242,0,SRC011,train
ASB04_008243,0,SRC010,train
ASB04_008244,0,SRC010,test
ASB04_008245,0,SRC006,train
ASB04_008246,0,SRC010,test
ASB04_008247,0,SRC010,train
ASB04_008248,0,SRC010,train
ASB04_008249,0,SRC010,train
ASB04_008250,0,SRC011,train
ASB04_008251,0,SRC010,train
ASB04_008252,0,SRC006,train
ASB04_008253,0,SRC010,validation
ASB04_008254,0,SRC010,train
ASB04_008255,0,SRC011,test
ASB04_008256,0,SRC010,validation
ASB04_008257,0,SRC011,train
ASB04_008258,0,SRC011,train
ASB04_008259,0,SRC010,test
ASB04_008260,0,SRC012,train
ASB04_008261,0,SRC010,train
ASB04_008262,0,SRC011,train
ASB04_008263,0,SRC010,train
ASB04_008264,0,SRC010,validation
ASB04_008265,0,SRC010,train
ASB04_008266,0,SRC011,validation
ASB04_008267,0,SRC010,validation
ASB04_008268,0,SRC011,train
ASB04_008269,0,SRC012,test
ASB04_008270,0,SRC010,train
ASB04_008271,0,SRC010,train
ASB04_008272,0,SRC010,test
ASB04_008273,0,SRC010,train
ASB04_008274,0,SRC010,validation
ASB04_008275,0,SRC010,test
ASB04_008276,0,SRC010,train
ASB04_008277,0,SRC010,train
ASB04_008278,0,SRC010,train
ASB04_008279,0,SRC011,test
ASB04_008280,0,SRC010,train
ASB04_008281,0,SRC010,test
ASB04_008282,0,SRC010,train
ASB04_008283,0,SRC010,train
ASB04_008284,0,SRC010,train
ASB04_008285,0,SRC010,validation
ASB04_008286,0,SRC011,train
ASB04_008287,0,SRC010,train
ASB04_008288,0,SRC012,train
ASB04_008289,0,SRC010,train
ASB04_008290,0,SRC010,test
ASB04_008291,0,SRC010,train
ASB04_008292,0,SRC010,train
ASB04_008293,0,SRC010,train
ASB04_008294,0,SRC010,train
ASB04_008295,0,SRC010,test
ASB04_008296,0,SRC010,test
ASB04_008297,0,SRC011,test
ASB04_008298,0,SRC010,train
ASB04_008299,0,SRC011,train
ASB04_008300,0,SRC011,validation
ASB04_008301,0,SRC010,validation
ASB04_008302,0,SRC010,train
ASB04_008303,0,SRC010,validation
ASB04_008304,0,SRC010,train
ASB04_008305,0,SRC011,train
ASB04_008306,0,SRC011,test
ASB04_008307,0,SRC010,test
ASB04_008308,0,SRC011,train
ASB04_008309,0,SRC010,train
ASB04_008310,0,SRC011,test
ASB04_008311,0,SRC006,train
ASB04_008312,0,SRC010,train
ASB04_008313,0,SRC010,train
ASB04_008314,0,SRC010,train
ASB04_008315,0,SRC010,train
ASB04_008316,0,SRC010,train
ASB04_008317,0,SRC010,train
ASB04_008318,0,SRC010,train
ASB04_008319,0,SRC012,train
ASB04_008320,0,SRC011,train
ASB04_008321,0,SRC010,test
ASB04_008322,0,SRC010,train
ASB04_008323,0,SRC010,train
ASB04_008324,0,SRC010,train
ASB04_008325,0,SRC010,train
ASB04_008326,0,SRC010,train
ASB04_008327,0,SRC010,test
ASB04_008328,0,SRC010,test
ASB04_008329,0,SRC010,train
ASB04_008330,0,SRC010,train
ASB04_008331,0,SRC011,test
ASB04_008332,0,SRC010,train
ASB04_008333,0,SRC010,test
ASB04_008334,0,SRC011,train
ASB04_008335,0,SRC010,train
ASB04_008336,0,SRC010,test
ASB04_008337,0,SRC010,train
ASB04_008338,0,SRC010,train
ASB04_008339,0,SRC011,test
ASB04_008340,0,SRC010,train
ASB04_008341,0,SRC010,test
ASB04_008342,0,SRC010,train
ASB04_008343,0,SRC010,test
ASB04_008344,0,SRC010,train
ASB04_008345,0,SRC010,train
ASB04_008346,0,SRC006,train
ASB04_008347,0,SRC011,train
ASB04_008348,0,SRC011,train
ASB04_008349,0,SRC011,train
ASB04_008350,0,SRC006,train
ASB04_008351,0,SRC012,train
ASB04_008352,0,SRC010,train
ASB04_008353,0,SRC010,train
ASB04_008354,0,SRC011,validation
ASB04_008355,0,SRC010,train
ASB04_008356,0,SRC010,test
ASB04_008357,0,SRC010,test
ASB04_008358,0,SRC010,train
ASB04_008359,0,SRC006,test
ASB04_008360,0,SRC011,validation
ASB04_008361,0,SRC010,train
ASB04_008362,0,SRC012,train
ASB04_008363,0,SRC012,train
ASB04_008364,0,SRC010,train
ASB04_008365,0,SRC010,train
ASB04_008366,0,SRC010,validation
ASB04_008367,0,SRC010,train
ASB04_008368,0,SRC011,train
ASB04_008369,0,SRC010,test
ASB04_008370,0,SRC010,train
ASB04_008371,0,SRC010,train
ASB04_008372,0,SRC010,test
ASB04_008373,0,SRC010,train
ASB04_008374,0,SRC012,train
ASB04_008375,0,SRC010,train
ASB04_008376,0,SRC010,validation
ASB04_008377,0,SRC010,train
ASB04_008378,0,SRC010,validation
ASB04_008379,0,SRC010,train
ASB04_008380,0,SRC010,train
ASB04_008381,0,SRC010,test
ASB04_008382,0,SRC011,test
ASB04_008383,0,SRC010,validation
ASB04_008384,0,SRC010,test
ASB04_008385,0,SRC010,train
ASB04_008386,0,SRC011,test
ASB04_008387,0,SRC011,train
ASB04_008388,0,SRC011,train
ASB04_008389,0,SRC010,test
ASB04_008390,0,SRC011,validation
ASB04_008391,0,SRC010,train
ASB04_008392,0,SRC010,train
ASB04_008393,0,SRC010,train
ASB04_008394,0,SRC010,train
ASB04_008395,0,SRC010,train
ASB04_008396,0,SRC010,validation
ASB04_008397,0,SRC006,train
ASB04_008398,0,SRC010,train
ASB04_008399,0,SRC010,train
ASB04_008400,0,SRC012,train
ASB04_008401,0,SRC010,test
ASB04_008402,0,SRC010,validation
ASB04_008403,0,SRC010,train
ASB04_008404,0,SRC010,train
ASB04_008405,0,SRC010,train
ASB04_008406,0,SRC010,train
ASB04_008407,0,SRC010,train
ASB04_008408,0,SRC010,validation
ASB04_008409,0,SRC010,train
ASB04_008410,0,SRC010,train
ASB04_008411,0,SRC010,train
ASB04_008412,0,SRC011,train
ASB04_008413,0,SRC010,train
ASB04_008414,0,SRC010,train
ASB04_008415,0,SRC010,train
ASB04_008416,0,SRC010,train
ASB04_008417,0,SRC011,test
ASB04_008418,0,SRC012,test
ASB04_008419,0,SRC010,validation
ASB04_008420,0,SRC006,train
ASB04_008421,0,SRC010,train
ASB04_008422,0,SRC010,train
ASB04_008423,0,SRC010,train
ASB04_008424,0,SRC010,train
ASB04_008425,0,SRC010,validation
ASB04_008426,0,SRC010,test
ASB04_008427,0,SRC011,train
ASB04_008428,0,SRC010,train
ASB04_008429,0,SRC012,train
ASB04_008430,0,SRC006,train
ASB04_008431,0,SRC011,train
ASB04_008432,0,SRC010,train
ASB04_008433,0,SRC010,test
ASB04_008434,0,SRC010,train
ASB04_008435,0,SRC010,train
ASB04_008436,0,SRC010,train
ASB04_008437,0,SRC011,train
ASB04_008438,0,SRC010,train
ASB04_008439,0,SRC010,train
ASB04_008440,0,SRC011,validation
ASB04_008441,0,SRC012,test
ASB04_008442,0,SRC011,train
ASB04_008443,0,SRC011,train
ASB04_008444,0,SRC010,train
ASB04_008445,0,SRC011,train
ASB04_008446,0,SRC010,train
ASB04_008447,0,SRC010,train
ASB04_008448,0,SRC010,train
ASB04_008449,0,SRC010,train
ASB04_008450,0,SRC010,train
ASB04_008451,0,SRC010,test
ASB04_008452,0,SRC010,train
ASB04_008453,0,SRC010,test
ASB04_008454,0,SRC010,train
ASB04_008455,0,SRC010,train
ASB04_008456,0,SRC010,train
ASB04_008457,0,SRC011,train
ASB04_008458,0,SRC010,train
ASB04_008459,0,SRC010,test
ASB04_008460,0,SRC010,test
ASB04_008461,0,SRC010,validation
ASB04_008462,0,SRC010,test
ASB04_008463,0,SRC010,test
ASB04_008464,0,SRC010,train
ASB04_008465,0,SRC011,validation
ASB04_008466,0,SRC010,test
ASB04_008467,0,SRC011,test
ASB04_008468,0,SRC010,train
ASB04_008469,0,SRC010,train
ASB04_008470,0,SRC010,train
ASB04_008471,0,SRC010,train
ASB04_008472,0,SRC010,train
ASB04_008473,0,SRC010,train
ASB04_008474,0,SRC011,train
ASB04_008475,0,SRC011,test
ASB04_008476,0,SRC010,train
ASB04_008477,0,SRC010,validation
ASB04_008478,0,SRC011,test
ASB04_008479,0,SRC010,train
ASB04_008480,0,SRC011,train
ASB04_008481,0,SRC010,validation
ASB04_008482,0,SRC010,train
ASB04_008483,0,SRC010,validation
ASB04_008484,0,SRC010,train
ASB04_008485,0,SRC010,train
ASB04_008486,0,SRC010,test
ASB04_008487,0,SRC010,train
ASB04_008488,0,SRC010,train
ASB04_008489,0,SRC010,train
ASB04_008490,0,SRC011,train
ASB04_008491,0,SRC010,train
ASB04_008492,0,SRC010,train
ASB04_008493,0,SRC011,train
ASB04_008494,0,SRC010,train
ASB04_008495,0,SRC010,train
ASB04_008496,0,SRC011,train
ASB04_008497,0,SRC010,test
ASB04_008498,0,SRC010,test
ASB04_008499,0,SRC010,train
ASB04_008500,0,SRC010,train
ASB04_008501,0,SRC010,test
ASB04_008502,0,SRC011,validation
ASB04_008503,0,SRC010,train
ASB04_008504,0,SRC010,train
ASB04_008505,0,SRC011,train
ASB04_008506,0,SRC010,train
ASB04_008507,0,SRC011,train
ASB04_008508,0,SRC011,validation
ASB04_008509,0,SRC010,validation
ASB04_008510,0,SRC010,train
ASB04_008511,0,SRC010,train
ASB04_008512,0,SRC011,train
ASB04_008513,0,SRC010,train
ASB04_008514,0,SRC010,validation
ASB04_008515,0,SRC010,train
ASB04_008516,0,SRC010,train
ASB04_008517,0,SRC010,test
ASB04_008518,0,SRC010,test
ASB04_008519,0,SRC010,train
ASB04_008520,0,SRC011,validation
ASB04_008521,0,SRC011,validation
ASB04_008522,0,SRC010,test
ASB04_008523,0,SRC010,train
ASB04_008524,0,SRC011,train
ASB04_008525,0,SRC010,validation
ASB04_008526,0,SRC010,test
ASB04_008527,0,SRC010,test
ASB04_008528,0,SRC012,train
ASB04_008529,0,SRC011,train
ASB04_008530,0,SRC010,train
ASB04_008531,0,SRC010,train
ASB04_008532,0,SRC011,train
ASB04_008533,0,SRC010,train
ASB04_008534,0,SRC010,test
ASB04_008535,0,SRC011,train
ASB04_008536,0,SRC010,train
ASB04_008537,0,SRC011,train
ASB04_008538,0,SRC010,test
ASB04_008539,0,SRC010,train
ASB04_008540,0,SRC010,train
ASB04_008541,0,SRC010,train
ASB04_008542,0,SRC011,train
ASB04_008543,0,SRC010,train
ASB04_008544,0,SRC011,validation
ASB04_008545,0,SRC010,test
ASB04_008546,0,SRC010,train
ASB04_008547,0,SRC010,train
ASB04_008548,0,SRC010,test
ASB04_008549,0,SRC010,train
ASB04_008550,0,SRC010,train
ASB04_008551,0,SRC010,validation
ASB04_008552,0,SRC010,train
ASB04_008553,0,SRC010,train
ASB04_008554,0,SRC010,test
ASB04_008555,0,SRC010,train
ASB04_008556,0,SRC010,train
ASB04_008557,0,SRC010,test
ASB04_008558,0,SRC011,train
ASB04_008559,0,SRC010,train
ASB04_008560,0,SRC010,train
ASB04_008561,0,SRC010,train
ASB04_008562,0,SRC010,validation
ASB04_008563,0,SRC010,train
ASB04_008564,0,SRC010,train
ASB04_008565,0,SRC010,test
ASB04_008566,0,SRC010,test
ASB04_008567,0,SRC010,train
ASB04_008568,0,SRC010,validation
ASB04_008569,0,SRC010,train
ASB04_008570,0,SRC011,train
ASB04_008571,0,SRC010,test
ASB04_008572,0,SRC011,test
ASB04_008573,0,SRC010,train
ASB04_008574,0,SRC010,train
ASB04_008575,0,SRC010,test
ASB04_008576,0,SRC010,test
ASB04_008577,0,SRC010,train
ASB04_008578,0,SRC010,test
ASB04_008579,0,SRC010,train
ASB04_008580,0,SRC010,train
ASB04_008581,0,SRC010,train
ASB04_008582,0,SRC010,test
ASB04_008583,0,SRC010,validation
ASB04_008584,0,SRC011,train
ASB04_008585,0,SRC010,train
ASB04_008586,0,SRC010,train
ASB04_008587,0,SRC010,test
ASB04_008588,0,SRC010,test
ASB04_008589,0,SRC011,train
ASB04_008590,0,SRC010,train
ASB04_008591,0,SRC010,train
ASB04_008592,0,SRC010,train
ASB04_008593,0,SRC006,train
ASB04_008594,0,SRC010,train
ASB04_008595,0,SRC010,train
ASB04_008596,0,SRC010,train
ASB04_008597,0,SRC010,train
ASB04_008598,0,SRC010,validation
ASB04_008599,0,SRC010,test
ASB04_008600,0,SRC010,train
ASB04_008601,0,SRC010,validation
ASB04_008602,0,SRC010,train
ASB04_008603,0,SRC010,test
ASB04_008604,0,SRC010,validation
ASB04_008605,0,SRC011,validation
ASB04_008606,0,SRC010,train
ASB04_008607,0,SRC012,train
ASB04_008608,0,SRC010,train
ASB04_008609,0,SRC010,train
ASB04_008610,0,SRC011,train
ASB04_008611,0,SRC010,train
ASB04_008612,0,SRC010,train
ASB04_008613,0,SRC011,train
ASB04_008614,0,SRC010,train
ASB04_008615,0,SRC010,test
ASB04_008616,0,SRC010,train
ASB04_008617,0,SRC010,train
ASB04_008618,0,SRC010,train
ASB04_008619,0,SRC010,train
ASB04_008620,0,SRC010,train
ASB04_008621,0,SRC011,test
ASB04_008622,0,SRC011,train
ASB04_008623,0,SRC010,train
ASB04_008624,0,SRC010,train
ASB04_008625,0,SRC011,test
ASB04_008626,0,SRC010,train
ASB04_008627,0,SRC010,train
ASB04_008628,0,SRC010,test
ASB04_008629,0,SRC010,test
ASB04_008630,0,SRC010,train
ASB04_008631,0,SRC010,train
ASB04_008632,0,SRC010,test
ASB04_008633,0,SRC010,test
ASB04_008634,0,SRC010,train
ASB04_008635,0,SRC010,validation
ASB04_008636,0,SRC011,test
ASB04_008637,0,SRC011,train
ASB04_008638,0,SRC010,train
ASB04_008639,0,SRC010,train
ASB04_008640,0,SRC011,train
ASB04_008641,0,SRC010,test
ASB04_008642,0,SRC010,validation
ASB04_008643,0,SRC010,train
ASB04_008644,0,SRC010,train
ASB04_008645,0,SRC011,test
ASB04_008646,0,SRC012,train
ASB04_008647,0,SRC010,test
ASB04_008648,0,SRC010,train
ASB04_008649,0,SRC010,validation
ASB04_008650,0,SRC010,train
ASB04_008651,0,SRC010,train
ASB04_008652,0,SRC010,train
ASB04_008653,0,SRC010,test
ASB04_008654,0,SRC011,test
ASB04_008655,0,SRC010,train
ASB04_008656,0,SRC010,validation
ASB04_008657,0,SRC006,train
ASB04_008658,0,SRC010,validation
ASB04_008659,0,SRC010,test
ASB04_008660,0,SRC011,test
ASB04_008661,0,SRC010,test
ASB04_008662,0,SRC010,test
ASB04_008663,0,SRC010,train
ASB04_008664,0,SRC010,test
ASB04_008665,0,SRC010,train
ASB04_008666,0,SRC010,train
ASB04_008667,0,SRC010,train
ASB04_008668,0,SRC010,test
ASB04_008669,0,SRC010,train
ASB04_008670,0,SRC010,train
ASB04_008671,0,SRC010,train
ASB04_008672,0,SRC010,test
ASB04_008673,0,SRC010,test
ASB04_008674,0,SRC010,train
ASB04_008675,0,SRC010,train
ASB04_008676,0,SRC010,train
ASB04_008677,0,SRC010,train
ASB04_008678,0,SRC011,train
ASB04_008679,0,SRC010,train
ASB04_008680,0,SRC011,test
ASB04_008681,0,SRC006,train
ASB04_008682,0,SRC010,train
ASB04_008683,0,SRC010,train
ASB04_008684,0,SRC010,train
ASB04_008685,0,SRC010,train
ASB04_008686,0,SRC011,test
ASB04_008687,0,SRC010,train
ASB04_008688,0,SRC011,train
ASB04_008689,0,SRC011,test
ASB04_008690,0,SRC010,validation
ASB04_008691,0,SRC010,train
ASB04_008692,0,SRC010,test
ASB04_008693,0,SRC010,train
ASB04_008694,0,SRC006,test
ASB04_008695,0,SRC010,train
ASB04_008696,0,SRC010,train
ASB04_008697,0,SRC010,validation
ASB04_008698,0,SRC010,train
ASB04_008699,0,SRC010,train
ASB04_008700,0,SRC010,train
ASB04_008701,0,SRC010,validation
ASB04_008702,0,SRC012,train
ASB04_008703,0,SRC010,test
ASB04_008704,0,SRC011,train
ASB04_008705,0,SRC010,validation
ASB04_008706,0,SRC011,train
ASB04_008707,0,SRC010,train
ASB04_008708,0,SRC011,train
ASB04_008709,0,SRC012,validation
ASB04_008710,0,SRC012,train
ASB04_008711,0,SRC010,test
ASB04_008712,0,SRC011,train
ASB04_008713,0,SRC010,train
ASB04_008714,0,SRC011,train
ASB04_008715,0,SRC010,validation
ASB04_008716,0,SRC010,train
ASB04_008717,0,SRC010,train
ASB04_008718,0,SRC010,test
ASB04_008719,0,SRC010,validation
ASB04_008720,0,SRC010,train
ASB04_008721,0,SRC010,test
ASB04_008722,0,SRC010,train
ASB04_008723,0,SRC010,validation
ASB04_008724,0,SRC010,test
ASB04_008725,0,SRC010,validation
ASB04_008726,0,SRC011,train
ASB04_008727,0,SRC012,train
ASB04_008728,0,SRC010,train
ASB04_008729,0,SRC010,train
ASB04_008730,0,SRC010,train
ASB04_008731,0,SRC010,train
ASB04_008732,0,SRC010,train
ASB04_008733,0,SRC010,test
ASB04_008734,0,SRC010,train
ASB04_008735,0,SRC011,train
ASB04_008736,0,SRC011,train
ASB04_008737,0,SRC010,train
ASB04_008738,0,SRC010,train
ASB04_008739,0,SRC010,train
ASB04_008740,0,SRC010,train
ASB04_008741,0,SRC010,train
ASB04_008742,0,SRC010,train
ASB04_008743,0,SRC011,train
ASB04_008744,0,SRC011,test
ASB04_008745,0,SRC011,train
ASB04_008746,0,SRC010,train
ASB04_008747,0,SRC010,train
ASB04_008748,0,SRC010,train
ASB04_008749,0,SRC011,test
ASB04_008750,0,SRC010,train
ASB04_008751,0,SRC010,train
ASB04_008752,0,SRC010,test
ASB04_008753,0,SRC010,train
ASB04_008754,0,SRC011,train
ASB04_008755,0,SRC010,train
ASB04_008756,0,SRC010,test
ASB04_008757,0,SRC010,train
ASB04_008758,0,SRC011,train
ASB04_008759,0,SRC010,test
ASB04_008760,0,SRC010,train
ASB04_008761,0,SRC011,train
ASB04_008762,0,SRC011,test
ASB04_008763,0,SRC010,test
ASB04_008764,0,SRC010,train
ASB04_008765,0,SRC011,train
ASB04_008766,0,SRC010,test
ASB04_008767,0,SRC010,train
ASB04_008768,0,SRC010,train
ASB04_008769,0,SRC010,train
ASB04_008770,0,SRC012,train
ASB04_008771,0,SRC010,train
ASB04_008772,0,SRC010,train
ASB04_008773,0,SRC010,test
ASB04_008774,0,SRC011,train
ASB04_008775,0,SRC010,train
ASB04_008776,0,SRC010,train
ASB04_008777,0,SRC011,train
ASB04_008778,0,SRC011,train
ASB04_008779,0,SRC010,train
ASB04_008780,0,SRC011,train
ASB04_008781,0,SRC010,validation
ASB04_008782,0,SRC010,test
ASB04_008783,0,SRC010,test
ASB04_008784,0,SRC010,train
ASB04_008785,0,SRC010,test
ASB04_008786,0,SRC006,train
ASB04_008787,0,SRC010,train
ASB04_008788,0,SRC010,test
ASB04_008789,0,SRC010,train
ASB04_008790,0,SRC010,train
ASB04_008791,0,SRC010,train
ASB04_008792,0,SRC011,train
ASB04_008793,0,SRC011,train
ASB04_008794,0,SRC010,train
ASB04_008795,0,SRC011,train
ASB04_008796,0,SRC010,train
ASB04_008797,0,SRC010,test
ASB04_008798,0,SRC010,train
ASB04_008799,0,SRC011,train
ASB04_008800,0,SRC011,test
ASB04_008801,0,SRC010,validation
ASB04_008802,0,SRC010,test
ASB04_008803,0,SRC012,test
ASB04_008804,0,SRC010,train
ASB04_008805,0,SRC010,train
ASB04_008806,0,SRC010,validation
ASB04_008807,0,SRC010,train
ASB04_008808,0,SRC011,train
ASB04_008809,0,SRC010,train
ASB04_008810,0,SRC012,train
ASB04_008811,0,SRC011,train
ASB04_008812,0,SRC010,validation
ASB04_008813,0,SRC010,train
ASB04_008814,0,SRC011,test
ASB04_008815,0,SRC010,train
ASB04_008816,0,SRC010,train
ASB04_008817,0,SRC010,validation
ASB04_008818,0,SRC010,validation
ASB04_008819,0,SRC012,train
ASB04_008820,0,SRC012,train
ASB04_008821,0,SRC010,train
ASB04_008822,0,SRC006,train
ASB04_008823,0,SRC011,train
ASB04_008824,0,SRC011,train
ASB04_008825,0,SRC011,train
ASB04_008826,0,SRC010,train
ASB04_008827,0,SRC011,test
ASB04_008828,0,SRC008,train
ASB04_008829,0,SRC011,train
ASB04_008830,0,SRC010,test
ASB04_008831,0,SRC010,test
ASB04_008832,0,SRC010,train
ASB04_008833,0,SRC011,test
ASB04_008834,0,SRC011,train
ASB04_008835,0,SRC010,train
ASB04_008836,0,SRC010,train
ASB04_008837,0,SRC010,train
ASB04_008838,0,SRC010,train
ASB04_008839,0,SRC010,train
ASB04_008840,0,SRC010,train
ASB04_008841,0,SRC011,train
ASB04_008842,0,SRC011,train
ASB04_008843,0,SRC010,train
ASB04_008844,0,SRC010,train
ASB04_008845,0,SRC010,train
ASB04_008846,0,SRC010,train
ASB04_008847,0,SRC010,train
ASB04_008848,0,SRC010,train
ASB04_008849,0,SRC010,train
ASB04_008850,0,SRC010,train
ASB04_008851,0,SRC010,train
ASB04_008852,0,SRC012,test
ASB04_008853,0,SRC010,train
ASB04_008854,0,SRC011,test
ASB04_008855,0,SRC010,train
ASB04_008856,0,SRC012,validation
ASB04_008857,0,SRC011,train
ASB04_008858,0,SRC010,train
ASB04_008859,0,SRC006,train
ASB04_008860,0,SRC010,test
ASB04_008861,0,SRC010,train
ASB04_008862,0,SRC010,train
ASB04_008863,0,SRC010,train
ASB04_008864,0,SRC010,train
ASB04_008865,0,SRC010,train
ASB04_008866,0,SRC010,train
ASB04_008867,0,SRC010,train
ASB04_008868,0,SRC010,train
ASB04_008869,0,SRC010,test
ASB04_008870,0,SRC011,train
ASB04_008871,0,SRC010,test
ASB04_008872,0,SRC010,train
ASB04_008873,0,SRC010,test
ASB04_008874,0,SRC010,train
ASB04_008875,0,SRC010,validation
ASB04_008876,0,SRC010,train
ASB04_008877,0,SRC010,train
ASB04_008878,0,SRC010,test
ASB04_008879,0,SRC011,test
ASB04_008880,0,SRC010,train
ASB04_008881,0,SRC010,train
ASB04_008882,0,SRC011,train
ASB04_008883,0,SRC010,test
ASB04_008884,0,SRC010,train
ASB04_008885,0,SRC010,train
ASB04_008886,0,SRC010,train
ASB04_008887,0,SRC011,train
ASB04_008888,0,SRC011,train
ASB04_008889,0,SRC010,train
ASB04_008890,0,SRC010,train
ASB04_008891,0,SRC010,train
ASB04_008892,0,SRC010,train
ASB04_008893,0,SRC010,train
ASB04_008894,0,SRC011,test
ASB04_008895,0,SRC010,train
ASB04_008896,0,SRC010,validation
ASB04_008897,0,SRC010,train
ASB04_008898,0,SRC010,test
ASB04_008899,0,SRC010,train
ASB04_008900,0,SRC010,train
ASB04_008901,0,SRC010,train
ASB04_008902,0,SRC010,validation
ASB04_008903,0,SRC010,train
ASB04_008904,0,SRC010,test
ASB04_008905,0,SRC010,test
ASB04_008906,0,SRC010,test
ASB04_008907,0,SRC010,train
ASB04_008908,0,SRC010,train
ASB04_008909,0,SRC012,train
ASB04_008910,0,SRC012,train
ASB04_008911,0,SRC010,train
ASB04_008912,0,SRC010,train
ASB04_008913,0,SRC010,test
ASB04_008914,0,SRC010,test
ASB04_008915,0,SRC010,test
ASB04_008916,0,SRC010,train
ASB04_008917,0,SRC010,train
ASB04_008918,0,SRC010,train
ASB04_008919,0,SRC010,train
ASB04_008920,0,SRC010,train
ASB04_008921,0,SRC010,test
ASB04_008922,0,SRC010,test
ASB04_008923,0,SRC011,test
ASB04_008924,0,SRC010,train
ASB04_008925,0,SRC012,train
ASB04_008926,0,SRC012,train
ASB04_008927,0,SRC010,train
ASB04_008928,0,SRC010,train
ASB04_008929,0,SRC011,train
ASB04_008930,0,SRC012,train
ASB04_008931,0,SRC011,train
ASB04_008932,0,SRC010,train
ASB04_008933,0,SRC010,train
ASB04_008934,0,SRC011,train
ASB04_008935,0,SRC010,train
ASB04_008936,0,SRC011,train
ASB04_008937,0,SRC010,train
ASB04_008938,0,SRC010,train
ASB04_008939,0,SRC010,train
ASB04_008940,0,SRC011,test
ASB04_008941,0,SRC010,train
ASB04_008942,0,SRC010,train
ASB04_008943,0,SRC012,train
ASB04_008944,0,SRC011,test
ASB04_008945,0,SRC010,test
ASB04_008946,0,SRC010,test
ASB04_008947,0,SRC010,train
ASB04_008948,0,SRC012,train
ASB04_008949,0,SRC010,test
ASB04_008950,0,SRC010,train
ASB04_008951,0,SRC010,test
ASB04_008952,0,SRC010,train
ASB04_008953,0,SRC010,train
ASB04_008954,0,SRC011,train
ASB04_008955,0,SRC011,train
ASB04_008956,0,SRC010,validation
ASB04_008957,0,SRC011,train
ASB04_008958,0,SRC010,train
ASB04_008959,0,SRC011,train
ASB04_008960,0,SRC010,train
ASB04_008961,0,SRC010,train
ASB04_008962,0,SRC010,train
ASB04_008963,0,SRC010,train
ASB04_008964,0,SRC011,validation
ASB04_008965,0,SRC011,train
ASB04_008966,0,SRC010,train
ASB04_008967,0,SRC010,train
ASB04_008968,0,SRC010,train
ASB04_008969,0,SRC011,train
ASB04_008970,0,SRC010,train
ASB04_008971,0,SRC011,train
ASB04_008972,0,SRC010,train
ASB04_008973,0,SRC010,train
ASB04_008974,0,SRC010,train
ASB04_008975,0,SRC010,train
ASB04_008976,0,SRC010,test
ASB04_008977,0,SRC010,train
ASB04_008978,0,SRC010,train
ASB04_008979,0,SRC011,train
ASB04_008980,0,SRC011,train
ASB04_008981,0,SRC012,train
ASB04_008982,0,SRC011,train
ASB04_008983,0,SRC011,train
ASB04_008984,0,SRC010,test
ASB04_008985,0,SRC010,test
ASB04_008986,0,SRC010,train
ASB04_008987,0,SRC010,train
ASB04_008988,0,SRC006,test
ASB04_008989,0,SRC011,train
ASB04_008990,0,SRC010,test
ASB04_008991,0,SRC010,test
ASB04_008992,0,SRC010,train
ASB04_008993,0,SRC010,train
ASB04_008994,0,SRC010,train
ASB04_008995,0,SRC010,train
ASB04_008996,0,SRC011,train
ASB04_008997,0,SRC010,train
ASB04_008998,0,SRC010,test
ASB04_008999,0,SRC010,train
ASB04_009000,0,SRC010,train
ASB04_009001,0,SRC010,test
ASB04_009002,0,SRC010,test
ASB04_009003,0,SRC010,test
ASB04_009004,0,SRC010,validation
ASB04_009005,0,SRC010,train
ASB04_009006,0,SRC010,test
ASB04_009007,0,SRC006,train
ASB04_009008,0,SRC010,train
ASB04_009009,0,SRC010,train
ASB04_009010,0,SRC010,validation
ASB04_009011,0,SRC010,train
ASB04_009012,0,SRC010,train
ASB04_009013,0,SRC010,test
ASB04_009014,0,SRC010,train
ASB04_009015,0,SRC011,train
ASB04_009016,0,SRC010,train
ASB04_009017,0,SRC010,train
ASB04_009018,0,SRC010,train
ASB04_009019,0,SRC010,train
ASB04_009020,0,SRC011,train
ASB04_009021,0,SRC010,test
ASB04_009022,0,SRC011,test
ASB04_009023,0,SRC010,train
ASB04_009024,0,SRC011,train
ASB04_009025,0,SRC010,validation
ASB04_009026,0,SRC010,test
ASB04_009027,0,SRC012,train
ASB04_009028,0,SRC010,test
ASB04_009029,0,SRC010,train
ASB04_009030,0,SRC010,test
ASB04_009031,0,SRC010,train
ASB04_009032,0,SRC010,train
ASB04_009033,0,SRC010,test
ASB04_009034,0,SRC012,validation
ASB04_009035,0,SRC010,validation
ASB04_009036,0,SRC010,train
ASB04_009037,0,SRC010,train
ASB04_009038,0,SRC010,train
ASB04_009039,0,SRC010,train
ASB04_009040,0,SRC010,validation
ASB04_009041,0,SRC006,test
ASB04_009042,0,SRC010,train
ASB04_009043,0,SRC010,train
ASB04_009044,0,SRC010,train
ASB04_009045,0,SRC010,test
ASB04_009046,0,SRC010,test
ASB04_009047,0,SRC010,train
ASB04_009048,0,SRC010,test
ASB04_009049,0,SRC010,train
ASB04_009050,0,SRC011,train
ASB04_009051,0,SRC010,train
ASB04_009052,0,SRC010,train
ASB04_009053,0,SRC011,train
ASB04_009054,0,SRC010,validation
ASB04_009055,0,SRC011,train
ASB04_009056,0,SRC010,train
ASB04_009057,0,SRC010,train
ASB04_009058,0,SRC010,train
ASB04_009059,0,SRC011,train
ASB04_009060,0,SRC010,test
ASB04_009061,0,SRC011,train
ASB04_009062,0,SRC011,train
ASB04_009063,0,SRC010,train
ASB04_009064,0,SRC010,train
ASB04_009065,0,SRC012,train
ASB04_009066,0,SRC010,train
ASB04_009067,0,SRC011,train
ASB04_009068,0,SRC010,train
ASB04_009069,0,SRC011,train
ASB04_009070,0,SRC010,train
ASB04_009071,0,SRC011,train
ASB04_009072,0,SRC010,train
ASB04_009073,0,SRC010,train
ASB04_009074,0,SRC012,validation
ASB04_009075,0,SRC010,train
ASB04_009076,0,SRC010,validation
ASB04_009077,0,SRC010,test
ASB04_009078,0,SRC011,train
ASB04_009079,0,SRC010,train
ASB04_009080,0,SRC011,train
ASB04_009081,0,SRC010,train
ASB04_009082,0,SRC011,train
ASB04_009083,0,SRC010,train
ASB04_009084,0,SRC010,train
ASB04_009085,0,SRC010,test
ASB04_009086,0,SRC010,train
ASB04_009087,0,SRC010,train
ASB04_009088,0,SRC011,train
ASB04_009089,0,SRC010,train
ASB04_009090,0,SRC011,train
ASB04_009091,0,SRC010,validation
ASB04_009092,0,SRC010,train
ASB04_009093,0,SRC010,test
ASB04_009094,0,SRC011,test
ASB04_009095,0,SRC010,validation
ASB04_009096,0,SRC011,train
ASB04_009097,0,SRC012,train
ASB04_009098,0,SRC011,train
ASB04_009099,0,SRC010,train
ASB04_009100,0,SRC010,train
ASB04_009101,0,SRC010,test
ASB04_009102,0,SRC011,train
ASB04_009103,0,SRC010,test
ASB04_009104,0,SRC006,train
ASB04_009105,0,SRC010,train
ASB04_009106,0,SRC010,test
ASB04_009107,0,SRC010,train
ASB04_009108,0,SRC010,train
ASB04_009109,0,SRC011,test
ASB04_009110,0,SRC010,train
ASB04_009111,0,SRC010,train
ASB04_009112,0,SRC010,train
ASB04_009113,0,SRC010,train
ASB04_009114,0,SRC011,train
ASB04_009115,0,SRC010,train
ASB04_009116,0,SRC010,train
ASB04_009117,0,SRC010,train
ASB04_009118,0,SRC010,test
ASB04_009119,0,SRC011,train
ASB04_009120,0,SRC010,train
ASB04_009121,0,SRC010,train
ASB04_009122,0,SRC012,train
ASB04_009123,0,SRC010,train
ASB04_009124,0,SRC011,train
ASB04_009125,0,SRC010,train
ASB04_009126,0,SRC010,train
ASB04_009127,0,SRC010,train
ASB04_009128,0,SRC010,train
ASB04_009129,0,SRC011,train
ASB04_009130,0,SRC010,validation
ASB04_009131,0,SRC011,validation
ASB04_009132,0,SRC010,train
ASB04_009133,0,SRC010,test
ASB04_009134,0,SRC010,train
ASB04_009135,0,SRC011,train
ASB04_009136,0,SRC010,validation
ASB04_009137,0,SRC010,validation
ASB04_009138,0,SRC011,test
ASB04_009139,0,SRC010,train
ASB04_009140,0,SRC010,validation
ASB04_009141,0,SRC010,validation
ASB04_009142,0,SRC010,validation
ASB04_009143,0,SRC010,train
ASB04_009144,0,SRC010,validation
ASB04_009145,0,SRC011,train
ASB04_009146,0,SRC010,train
ASB04_009147,0,SRC010,train
ASB04_009148,0,SRC010,train
ASB04_009149,0,SRC010,test
ASB04_009150,0,SRC010,train
ASB04_009151,0,SRC010,test
ASB04_009152,0,SRC010,validation
ASB04_009153,0,SRC010,train
ASB04_009154,0,SRC010,test
ASB04_009155,0,SRC010,test
ASB04_009156,0,SRC011,train
ASB04_009157,0,SRC011,train
ASB04_009158,0,SRC010,test
ASB04_009159,0,SRC012,train
ASB04_009160,0,SRC010,train
ASB04_009161,0,SRC010,train
ASB04_009162,0,SRC010,train
ASB04_009163,0,SRC010,train
ASB04_009164,0,SRC006,train
ASB04_009165,0,SRC010,test
ASB04_009166,0,SRC011,train
ASB04_009167,0,SRC010,validation
ASB04_009168,0,SRC011,test
ASB04_009169,0,SRC011,validation
ASB04_009170,0,SRC011,test
ASB04_009171,0,SRC010,train
ASB04_009172,0,SRC010,train
ASB04_009173,0,SRC010,train
ASB04_009174,0,SRC010,train
ASB04_009175,0,SRC010,train
ASB04_009176,0,SRC010,test
ASB04_009177,0,SRC010,train
ASB04_009178,0,SRC010,train
ASB04_009179,0,SRC010,train
ASB04_009180,0,SRC010,train
ASB04_009181,0,SRC010,test
ASB04_009182,0,SRC011,train
ASB04_009183,0,SRC010,train
ASB04_009184,0,SRC010,test
ASB04_009185,0,SRC010,validation
ASB04_009186,0,SRC010,validation
ASB04_009187,0,SRC010,train
ASB04_009188,0,SRC011,test
ASB04_009189,0,SRC010,train
ASB04_009190,0,SRC012,train
ASB04_009191,0,SRC010,validation
ASB04_009192,0,SRC010,validation
ASB04_009193,0,SRC011,test
ASB04_009194,0,SRC010,test
ASB04_009195,0,SRC010,train
ASB04_009196,0,SRC010,train
ASB04_009197,0,SRC011,train
ASB04_009198,0,SRC010,train
ASB04_009199,0,SRC011,test
ASB04_009200,0,SRC010,train
ASB04_009201,0,SRC010,test
ASB04_009202,0,SRC010,validation
ASB04_009203,0,SRC011,train
ASB04_009204,0,SRC010,test
ASB04_009205,0,SRC010,train
ASB04_009206,0,SRC010,train
ASB04_009207,0,SRC010,train
ASB04_009208,0,SRC010,train
ASB04_009209,0,SRC010,train
ASB04_009210,0,SRC010,test
ASB04_009211,0,SRC010,test
ASB04_009212,0,SRC010,train
ASB04_009213,0,SRC011,test
ASB04_009214,0,SRC011,test
ASB04_009215,0,SRC010,train
ASB04_009216,0,SRC010,train
ASB04_009217,0,SRC010,train
ASB04_009218,0,SRC010,test
ASB04_009219,0,SRC011,train
ASB04_009220,0,SRC011,train
ASB04_009221,0,SRC010,test
ASB04_009222,0,SRC011,train
ASB04_009223,0,SRC010,train
ASB04_009224,0,SRC010,train
ASB04_009225,0,SRC010,train
ASB04_009226,0,SRC011,train
ASB04_009227,0,SRC011,test
ASB04_009228,0,SRC010,test
ASB04_009229,0,SRC010,train
ASB04_009230,0,SRC011,train
ASB04_009231,0,SRC010,train
ASB04_009232,0,SRC010,train
ASB04_009233,0,SRC010,train
ASB04_009234,0,SRC011,train
ASB04_009235,0,SRC010,validation
ASB04_009236,0,SRC011,train
ASB04_009237,0,SRC011,train
ASB04_009238,0,SRC010,train
ASB04_009239,0,SRC010,test
ASB04_009240,0,SRC010,test
ASB04_009241,0,SRC012,train
ASB04_009242,0,SRC010,train
ASB04_009243,0,SRC010,train
ASB04_009244,0,SRC010,train
ASB04_009245,0,SRC011,train
ASB04_009246,0,SRC010,train
ASB04_009247,0,SRC012,train
ASB04_009248,0,SRC011,test
ASB04_009249,0,SRC010,test
ASB04_009250,0,SRC011,train
ASB04_009251,0,SRC010,train
ASB04_009252,0,SRC010,train
ASB04_009253,0,SRC011,train
ASB04_009254,0,SRC010,train
ASB04_009255,0,SRC011,train
ASB04_009256,0,SRC010,train
ASB04_009257,0,SRC010,validation
ASB04_009258,0,SRC010,train
ASB04_009259,0,SRC010,train
ASB04_009260,0,SRC012,train
ASB04_009261,0,SRC010,train
ASB04_009262,0,SRC011,train
ASB04_009263,0,SRC010,test
ASB04_009264,0,SRC010,test
ASB04_009265,0,SRC010,test
ASB04_009266,0,SRC010,train
ASB04_009267,0,SRC010,train
ASB04_009268,0,SRC012,train
ASB04_009269,0,SRC010,test
ASB04_009270,0,SRC010,train
ASB04_009271,0,SRC011,validation
ASB04_009272,0,SRC011,train
ASB04_009273,0,SRC010,train
ASB04_009274,0,SRC010,validation
ASB04_009275,0,SRC006,train
ASB04_009276,0,SRC010,train
ASB04_009277,0,SRC011,train
ASB04_009278,0,SRC010,train
ASB04_009279,0,SRC010,train
ASB04_009280,0,SRC010,validation
ASB04_009281,0,SRC010,train
ASB04_009282,0,SRC010,train
ASB04_009283,0,SRC010,train
ASB04_009284,0,SRC010,train
ASB04_009285,0,SRC011,train
ASB04_009286,0,SRC010,train
ASB04_009287,0,SRC012,train
ASB04_009288,0,SRC010,train
ASB04_009289,0,SRC011,train
ASB04_009290,0,SRC011,train
ASB04_009291,0,SRC010,train
ASB04_009292,0,SRC010,train
ASB04_009293,0,SRC010,test
ASB04_009294,0,SRC010,train
ASB04_009295,0,SRC010,train
ASB04_009296,0,SRC010,train
ASB04_009297,0,SRC010,validation
ASB04_009298,0,SRC012,train
ASB04_009299,0,SRC010,train
ASB04_009300,0,SRC010,validation
ASB04_009301,0,SRC010,train
ASB04_009302,0,SRC012,test
ASB04_009303,0,SRC010,train
ASB04_009304,0,SRC010,test
ASB04_009305,0,SRC010,validation
ASB04_009306,0,SRC011,train
ASB04_009307,0,SRC010,train
ASB04_009308,0,SRC012,validation
ASB04_009309,0,SRC010,train
ASB04_009310,0,SRC010,train
ASB04_009311,0,SRC010,test
ASB04_009312,0,SRC011,test
ASB04_009313,0,SRC010,train
ASB04_009314,0,SRC010,train
ASB04_009315,0,SRC010,train
ASB04_009316,0,SRC010,test
ASB04_009317,0,SRC010,train
ASB04_009318,0,SRC010,train
ASB04_009319,0,SRC010,train
ASB04_009320,0,SRC012,train
ASB04_009321,0,SRC010,test
ASB04_009322,0,SRC010,validation
ASB04_009323,0,SRC010,train
ASB04_009324,0,SRC010,train
ASB04_009325,0,SRC010,test
ASB04_009326,0,SRC010,train
ASB04_009327,0,SRC010,train
ASB04_009328,0,SRC012,train
ASB04_009329,0,SRC010,validation
ASB04_009330,0,SRC010,train
ASB04_009331,0,SRC010,train
ASB04_009332,0,SRC010,validation
ASB04_009333,0,SRC011,train
ASB04_009334,0,SRC011,train
ASB04_009335,0,SRC010,train
ASB04_009336,0,SRC010,train
ASB04_009337,0,SRC010,train
ASB04_009338,0,SRC011,train
ASB04_009339,0,SRC010,train
ASB04_009340,0,SRC010,validation
ASB04_009341,0,SRC011,train
ASB04_009342,0,SRC010,train
ASB04_009343,0,SRC010,train
ASB04_009344,0,SRC011,train
ASB04_009345,0,SRC010,train
ASB04_009346,0,SRC011,train
ASB04_009347,0,SRC010,validation
ASB04_009348,0,SRC010,train
ASB04_009349,0,SRC010,validation
ASB04_009350,0,SRC010,test
ASB04_009351,0,SRC010,train
ASB04_009352,0,SRC010,train
ASB04_009353,0,SRC010,train
ASB04_009354,0,SRC010,validation
ASB04_009355,0,SRC010,validation
ASB04_009356,0,SRC010,train
ASB04_009357,0,SRC010,train
ASB04_009358,0,SRC010,test
ASB04_009359,0,SRC010,validation
ASB04_009360,0,SRC010,train
ASB04_009361,0,SRC011,test
ASB04_009362,0,SRC010,train
ASB04_009363,0,SRC010,train
ASB04_009364,0,SRC010,train
ASB04_009365,0,SRC010,train
ASB04_009366,0,SRC010,train
ASB04_009367,0,SRC010,train
ASB04_009368,0,SRC010,train
ASB04_009369,0,SRC010,test
ASB04_009370,0,SRC011,train
ASB04_009371,0,SRC011,train
ASB04_009372,0,SRC010,train
ASB04_009373,0,SRC010,train
ASB04_009374,0,SRC010,train
ASB04_009375,0,SRC010,train
ASB04_009376,0,SRC010,train
ASB04_009377,0,SRC011,train
ASB04_009378,0,SRC010,train
ASB04_009379,0,SRC010,test
ASB04_009380,0,SRC010,train
ASB04_009381,0,SRC010,validation
ASB04_009382,0,SRC010,train
ASB04_009383,0,SRC010,train
ASB04_009384,0,SRC010,train
ASB04_009385,0,SRC010,train
ASB04_009386,0,SRC010,train
ASB04_009387,0,SRC011,test
ASB04_009388,0,SRC012,train
ASB04_009389,0,SRC011,test
ASB04_009390,0,SRC010,validation
ASB04_009391,0,SRC010,train
ASB04_009392,0,SRC010,train
ASB04_009393,0,SRC010,test
ASB04_009394,0,SRC010,train
ASB04_009395,0,SRC010,train
ASB04_009396,0,SRC010,train
ASB04_009397,0,SRC010,train
ASB04_009398,0,SRC010,train
ASB04_009399,0,SRC010,train
ASB04_009400,0,SRC010,train
ASB04_009401,0,SRC011,validation
ASB04_009402,0,SRC010,test
ASB04_009403,0,SRC010,train
ASB04_009404,0,SRC010,train
ASB04_009405,0,SRC010,test
ASB04_009406,0,SRC011,train
ASB04_009407,0,SRC010,train
ASB04_009408,0,SRC011,train
ASB04_009409,0,SRC010,validation
ASB04_009410,0,SRC011,train
ASB04_009411,0,SRC010,train
ASB04_009412,0,SRC010,test
ASB04_009413,0,SRC010,train
ASB04_009414,0,SRC011,train
ASB04_009415,0,SRC006,test
ASB04_009416,0,SRC010,train
ASB04_009417,0,SRC010,train
ASB04_009418,0,SRC010,train
ASB04_009419,0,SRC011,train
ASB04_009420,0,SRC011,train
ASB04_009421,0,SRC010,validation
ASB04_009422,0,SRC010,train
ASB04_009423,0,SRC010,validation
ASB04_009424,0,SRC010,train
ASB04_009425,0,SRC010,test
ASB04_009426,0,SRC010,train
ASB04_009427,0,SRC006,train
ASB04_009428,0,SRC010,train
ASB04_009429,0,SRC011,validation
ASB04_009430,0,SRC010,train
ASB04_009431,0,SRC010,train
ASB04_009432,0,SRC010,train
ASB04_009433,0,SRC010,train
ASB04_009434,0,SRC011,train
ASB04_009435,0,SRC010,train
ASB04_009436,0,SRC010,validation
ASB04_009437,0,SRC010,train
ASB04_009438,0,SRC010,train
ASB04_009439,0,SRC010,train
ASB04_009440,0,SRC011,train
ASB04_009441,0,SRC011,test
ASB04_009442,0,SRC010,train
ASB04_009443,0,SRC010,train
ASB04_009444,0,SRC011,train
ASB04_009445,0,SRC011,test
ASB04_009446,0,SRC010,train
ASB04_009447,0,SRC010,train
ASB04_009448,0,SRC010,train
ASB04_009449,0,SRC011,test
ASB04_009450,0,SRC010,train
ASB04_009451,0,SRC010,train
ASB04_009452,0,SRC010,train
ASB04_009453,0,SRC010,validation
ASB04_009454,0,SRC010,train
ASB04_009455,0,SRC010,train
ASB04_009456,0,SRC010,train
ASB04_009457,0,SRC010,train
ASB04_009458,0,SRC010,train
ASB04_009459,0,SRC010,train
ASB04_009460,0,SRC010,validation
ASB04_009461,0,SRC011,test
ASB04_009462,0,SRC010,train
ASB04_009463,0,SRC010,train
ASB04_009464,0,SRC010,validation
ASB04_009465,0,SRC010,test
ASB04_009466,0,SRC010,train
ASB04_009467,0,SRC010,test
ASB04_009468,0,SRC010,train
ASB04_009469,0,SRC010,train
ASB04_009470,0,SRC010,test
ASB04_009471,0,SRC010,train
ASB04_009472,0,SRC011,train
ASB04_009473,0,SRC011,train
ASB04_009474,0,SRC010,train
ASB04_009475,0,SRC010,test
ASB04_009476,0,SRC010,train
ASB04_009477,0,SRC010,train
ASB04_009478,0,SRC012,train
ASB04_009479,0,SRC010,train
ASB04_009480,0,SRC010,train
ASB04_009481,0,SRC010,train
ASB04_009482,0,SRC010,train
ASB04_009483,0,SRC010,train
ASB04_009484,0,SRC011,train
ASB04_009485,0,SRC010,validation
ASB04_009486,0,SRC010,train
ASB04_009487,0,SRC010,test
ASB04_009488,0,SRC010,test
ASB04_009489,0,SRC010,test
ASB04_009490,0,SRC010,test
ASB04_009491,0,SRC010,train
ASB04_009492,0,SRC010,validation
ASB04_009493,0,SRC010,train
ASB04_009494,0,SRC012,test
ASB04_009495,0,SRC011,validation
ASB04_009496,0,SRC011,train
ASB04_009497,0,SRC010,test
ASB04_009498,0,SRC011,train
ASB04_009499,0,SRC010,train
ASB04_009500,0,SRC010,train
ASB04_009501,0,SRC010,train
ASB04_009502,0,SRC010,test
ASB04_009503,0,SRC010,train
ASB04_009504,0,SRC010,test
ASB04_009505,0,SRC010,train
ASB04_009506,0,SRC012,validation
ASB04_009507,0,SRC010,train
ASB04_009508,0,SRC010,train
ASB04_009509,0,SRC010,train
ASB04_009510,0,SRC011,train
ASB04_009511,0,SRC011,train
ASB04_009512,0,SRC010,train
ASB04_009513,0,SRC010,train
ASB04_009514,0,SRC011,test
ASB04_009515,0,SRC011,test
ASB04_009516,0,SRC011,test
ASB04_009517,0,SRC010,train
ASB04_009518,0,SRC011,train
ASB04_009519,0,SRC010,test
ASB04_009520,0,SRC010,train
ASB04_009521,0,SRC010,train
ASB04_009522,0,SRC010,train
ASB04_009523,0,SRC010,train
ASB04_009524,0,SRC010,train
ASB04_009525,0,SRC012,train
ASB04_009526,0,SRC010,train
ASB04_009527,0,SRC010,train
ASB04_009528,0,SRC010,test
ASB04_009529,0,SRC010,validation
ASB04_009530,0,SRC010,test
ASB04_009531,0,SRC011,test
ASB04_009532,0,SRC010,train
ASB04_009533,0,SRC011,validation
ASB04_009534,0,SRC010,train
ASB04_009535,0,SRC011,test
ASB04_009536,0,SRC011,test
ASB04_009537,0,SRC010,train
ASB04_009538,0,SRC010,test
ASB04_009539,0,SRC011,train
ASB04_009540,0,SRC011,test
ASB04_009541,0,SRC010,test
ASB04_009542,0,SRC010,train
ASB04_009543,0,SRC011,test
ASB04_009544,0,SRC010,validation
ASB04_009545,0,SRC012,train
ASB04_009546,0,SRC010,train
ASB04_009547,0,SRC010,test
ASB04_009548,0,SRC010,test
ASB04_009549,0,SRC010,train
ASB04_009550,0,SRC010,train
ASB04_009551,0,SRC010,train
ASB04_009552,0,SRC011,train
ASB04_009553,0,SRC011,test
ASB04_009554,0,SRC010,validation
ASB04_009555,0,SRC011,train
ASB04_009556,0,SRC010,train
ASB04_009557,0,SRC010,train
ASB04_009558,0,SRC006,train
ASB04_009559,0,SRC010,train
ASB04_009560,0,SRC010,train
ASB04_009561,0,SRC010,train
ASB04_009562,0,SRC010,train
ASB04_009563,0,SRC011,train
ASB04_009564,0,SRC010,train
ASB04_009565,0,SRC010,train
ASB04_009566,0,SRC011,validation
ASB04_009567,0,SRC010,test
ASB04_009568,0,SRC010,validation
ASB04_009569,0,SRC012,test
ASB04_009570,0,SRC010,train
ASB04_009571,0,SRC011,train
ASB04_009572,0,SRC010,train
ASB04_009573,0,SRC010,train
ASB04_009574,0,SRC010,test
ASB04_009575,0,SRC011,train
ASB04_009576,0,SRC010,train
ASB04_009577,0,SRC010,test
ASB04_009578,0,SRC010,train
ASB04_009579,0,SRC010,train
ASB04_009580,0,SRC010,train
ASB04_009581,0,SRC010,train
ASB04_009582,0,SRC010,train
ASB04_009583,0,SRC011,train
ASB04_009584,0,SRC010,train
ASB04_009585,0,SRC010,test
ASB04_009586,0,SRC010,train
ASB04_009587,0,SRC010,test
ASB04_009588,0,SRC010,train
ASB04_009589,0,SRC010,train
ASB04_009590,0,SRC011,train
ASB04_009591,0,SRC012,train
ASB04_009592,0,SRC010,test
ASB04_009593,0,SRC011,test
ASB04_009594,0,SRC011,test
ASB04_009595,0,SRC010,test
ASB04_009596,0,SRC010,train
ASB04_009597,0,SRC010,train
ASB04_009598,0,SRC010,train
ASB04_009599,0,SRC010,train
ASB04_009600,0,SRC010,train
ASB04_009601,0,SRC010,test
ASB04_009602,0,SRC012,train
ASB04_009603,0,SRC010,train
ASB04_009604,0,SRC010,train
ASB04_009605,0,SRC010,train
ASB04_009606,0,SRC010,train
ASB04_009607,0,SRC010,train
ASB04_009608,0,SRC010,train
ASB04_009609,0,SRC010,train
ASB04_009610,0,SRC010,train
ASB04_009611,0,SRC010,train
ASB04_009612,0,SRC010,test
ASB04_009613,0,SRC010,train
ASB04_009614,0,SRC010,test
ASB04_009615,0,SRC010,train
ASB04_009616,0,SRC010,train
ASB04_009617,0,SRC011,validation
ASB04_009618,0,SRC010,train
ASB04_009619,0,SRC011,test
ASB04_009620,0,SRC010,test
ASB04_009621,0,SRC010,train
ASB04_009622,0,SRC011,train
ASB04_009623,0,SRC011,train
ASB04_009624,0,SRC010,test
ASB04_009625,0,SRC010,train
ASB04_009626,0,SRC010,train
ASB04_009627,0,SRC010,train
ASB04_009628,0,SRC010,validation
ASB04_009629,0,SRC010,train
ASB04_009630,0,SRC010,test
ASB04_009631,0,SRC010,train
ASB04_009632,0,SRC010,train
ASB04_009633,0,SRC010,train
ASB04_009634,0,SRC010,train
ASB04_009635,0,SRC010,test
ASB04_009636,0,SRC010,test
ASB04_009637,0,SRC012,test
ASB04_009638,0,SRC010,test
ASB04_009639,0,SRC010,train
ASB04_009640,0,SRC011,train
ASB04_009641,0,SRC010,validation
ASB04_009642,0,SRC010,train
ASB04_009643,0,SRC010,train
ASB04_009644,0,SRC011,train
ASB04_009645,0,SRC010,test
ASB04_009646,0,SRC011,test
ASB04_009647,0,SRC011,train
ASB04_009648,0,SRC010,train
ASB04_009649,0,SRC010,train
ASB04_009650,0,SRC010,train
ASB04_009651,0,SRC010,train
ASB04_009652,0,SRC010,test
ASB04_009653,0,SRC010,test
ASB04_009654,0,SRC010,train
ASB04_009655,0,SRC011,test
ASB04_009656,0,SRC010,test
ASB04_009657,0,SRC010,train
ASB04_009658,0,SRC010,train
ASB04_009659,0,SRC011,train
ASB04_009660,0,SRC011,test
ASB04_009661,0,SRC010,train
ASB04_009662,0,SRC012,train
ASB04_009663,0,SRC012,train
ASB04_009664,0,SRC011,validation
ASB04_009665,0,SRC011,train
ASB04_009666,0,SRC010,train
ASB04_009667,0,SRC010,train
ASB04_009668,0,SRC010,test
ASB04_009669,0,SRC010,train
ASB04_009670,0,SRC006,train
ASB04_009671,0,SRC010,train
ASB04_009672,0,SRC010,train
ASB04_009673,0,SRC010,train
ASB04_009674,0,SRC011,train
ASB04_009675,0,SRC012,validation
ASB04_009676,0,SRC010,validation
ASB04_009677,0,SRC010,train
ASB04_009678,0,SRC010,test
ASB04_009679,0,SRC010,test
ASB04_009680,0,SRC010,validation
ASB04_009681,0,SRC010,test
ASB04_009682,0,SRC010,test
ASB04_009683,0,SRC010,test
ASB04_009684,0,SRC010,train
ASB04_009685,0,SRC010,validation
ASB04_009686,0,SRC010,train
ASB04_009687,0,SRC010,test
ASB04_009688,0,SRC011,train
ASB04_009689,0,SRC010,train
ASB04_009690,0,SRC010,test
ASB04_009691,0,SRC012,train
ASB04_009692,0,SRC011,validation
ASB04_009693,0,SRC010,test
ASB04_009694,0,SRC010,test
ASB04_009695,0,SRC010,train
ASB04_009696,0,SRC010,test
ASB04_009697,0,SRC010,validation
ASB04_009698,0,SRC011,test
ASB04_009699,0,SRC010,train
ASB04_009700,0,SRC006,test
ASB04_009701,0,SRC010,train
ASB04_009702,0,SRC010,test
ASB04_009703,0,SRC010,train
ASB04_009704,0,SRC010,train
ASB04_009705,0,SRC010,train
ASB04_009706,0,SRC012,train
ASB04_009707,0,SRC010,train
ASB04_009708,0,SRC011,train
ASB04_009709,0,SRC010,train
ASB04_009710,0,SRC010,train
ASB04_009711,0,SRC011,train
ASB04_009712,0,SRC010,train
ASB04_009713,0,SRC010,validation
ASB04_009714,0,SRC010,train
ASB04_009715,0,SRC010,test
ASB04_009716,0,SRC011,train
ASB04_009717,0,SRC010,train
ASB04_009718,0,SRC011,train
ASB04_009719,0,SRC010,train
ASB04_009720,0,SRC010,train
ASB04_009721,0,SRC010,train
ASB04_009722,0,SRC010,test
ASB04_009723,0,SRC011,test
ASB04_009724,0,SRC011,train
ASB04_009725,0,SRC011,validation
ASB04_009726,0,SRC010,train
ASB04_009727,0,SRC010,train
ASB04_009728,0,SRC010,train
ASB04_009729,0,SRC011,train
ASB04_009730,0,SRC011,train
ASB04_009731,0,SRC010,train
ASB04_009732,0,SRC010,train
ASB04_009733,0,SRC010,test
ASB04_009734,0,SRC010,train
ASB04_009735,0,SRC011,train
ASB04_009736,0,SRC011,train
ASB04_009737,0,SRC010,train
ASB04_009738,0,SRC010,train
ASB04_009739,0,SRC010,train
ASB04_009740,0,SRC010,test
